#VRML V2.0 utf8
# 3D model generated by easyeda2kicad.py (https://github.com/uPesy/easyeda2kicad.py)

Shape{
    appearance Appearance {
        material  Material 	{
            diffuseColor 0.7529411764705882 0.7529411764705882 0.7529411764705882
            specularColor 0.3764705882352941 0.3764705882352941 0.3764705882352941
            ambientIntensity 0.2
            transparency 0
            shininess 0.5
        }
    }
    geometry IndexedFaceSet {
        ccw TRUE
        solid FALSE
        coord DEF co Coordinate {
            point [
                -0.9724 -0.953 -0.4865, -0.9724 -0.8519 -0.3854, -1.0709 -0.953 -0.4865, -1.0709 -0.8519 -0.3854, -1.0709 -0.8519 0.3233, -0.9724 -0.8519 0.3233, -1.0709 0.4002 0.3233, -0.9724 0.4002 0.3233, -1.0709 0.4002 0.4035, -0.9724 0.4002 0.4035, -1.0709 0.4789 0.4823, -0.9724 0.4789 0.4823, -1.0709 0.6581 0.4823, -0.9724 0.6581 0.4823, -0.9724 0.6939 0.4592, -0.9724 0.7091 0.4261, -1.0709 0.6939 0.4592, -1.0709 0.7091 0.4261, -0.9724 0.7126 0.4098, -0.9724 0.7126 -0.0479, -1.0709 0.7126 0.4098, -1.0709 0.7126 -0.0479, -0.9724 0.6917 -0.0827, -0.9724 0.6732 -0.0925, -1.0709 0.6917 -0.0827, -1.0709 0.6732 -0.0925, -1.0709 0.6732 -0.5807, -0.9724 0.6732 -0.5807, -1.0709 -0.2305 -0.5807, -0.9724 -0.2305 -0.5807, -1.0709 -0.3819 -0.6358, -0.9724 -0.3819 -0.6358, -1.0709 -0.9286 -0.6358, -0.9724 -0.9286 -0.6358, -1.0709 -0.9646 -0.5143, -1.0709 -0.9646 -0.5998, -0.9724 -0.9646 -0.5143, -0.9724 -0.9646 -0.5998, -1.0709 0.7117 0.4181, -1.0709 0.6987 -0.0779, -1.0709 -0.9634 -0.6093, -1.0709 0.7117 -0.0564, -1.0709 0.709 -0.0644, -1.0709 0.7046 -0.0717, -1.0709 -0.9469 -0.6313, -1.0709 -0.9547 -0.6259, -1.0709 -0.9601 -0.6181, -1.0709 -0.9632 -0.5041, -1.0709 -0.9593 -0.4947, -1.0709 -0.938 -0.6347, -1.0709 0.667 0.4813, -1.0709 0.6893 0.4669, -1.0709 0.6755 0.4782, -1.0709 0.6831 0.4734, -0.9724 0.7117 0.4181, -0.9724 0.6987 -0.0779, -0.9724 0.7046 -0.0717, -0.9724 0.709 -0.0644, -0.9724 0.7117 -0.0564, -0.9724 -0.9593 -0.4947, -0.9724 -0.9634 -0.6093, -0.9724 -0.9601 -0.6181, -0.9724 0.667 0.4813, -0.9724 0.6893 0.4669, -0.9724 0.6755 0.4782, -0.9724 0.6831 0.4734, -0.9724 -0.9632 -0.5041, -0.9724 -0.9547 -0.6259, -0.9724 -0.9469 -0.6313, -0.9724 -0.938 -0.6347, 0.9724 -0.8519 -0.3854, 0.9724 -0.953 -0.4865, 1.0709 -0.8519 -0.3854, 1.0709 -0.953 -0.4865, 1.0709 -0.8519 0.3233, 0.9724 -0.8519 0.3233, 1.0709 0.4002 0.3233, 0.9724 0.4002 0.3233, 1.0709 0.4002 0.4035, 0.9724 0.4002 0.4035, 1.0709 0.4789 0.4823, 0.9724 0.4789 0.4823, 0.9724 0.6581 0.4823, 1.0709 0.6581 0.4823, 0.9724 0.7091 0.4261, 0.9724 0.6939 0.4592, 1.0709 0.7091 0.4261, 1.0709 0.6939 0.4592, 0.9724 0.7126 -0.0479, 0.9724 0.7126 0.4098, 1.0709 0.7126 -0.0479, 1.0709 0.7126 0.4098, 0.9724 0.6732 -0.0925, 0.9724 0.6917 -0.0827, 1.0709 0.6732 -0.0925, 1.0709 0.6917 -0.0827, 1.0709 0.6732 -0.5807, 0.9724 0.6732 -0.5807, 1.0709 -0.2305 -0.5807, 0.9724 -0.2305 -0.5807, 1.0709 -0.3819 -0.6358, 0.9724 -0.3819 -0.6358, 1.0709 -0.9286 -0.6358, 0.9724 -0.9286 -0.6358, 1.0709 -0.9646 -0.5998, 1.0709 -0.9646 -0.5143, 0.9724 -0.9646 -0.5998, 0.9724 -0.9646 -0.5143, 1.0709 0.7117 -0.0564, 1.0709 0.6987 -0.0779, 1.0709 0.6831 0.4734, 1.0709 0.6755 0.4782, 1.0709 0.667 0.4813, 1.0709 0.7046 -0.0717, 1.0709 0.709 -0.0644, 1.0709 -0.9593 -0.4947, 1.0709 -0.9601 -0.6181, 1.0709 -0.9547 -0.6259, 1.0709 -0.9469 -0.6313, 1.0709 0.7117 0.4181, 1.0709 0.6893 0.4669, 1.0709 -0.9632 -0.5041, 1.0709 -0.9634 -0.6093, 1.0709 -0.938 -0.6347, 0.9724 0.7117 -0.0564, 0.9724 0.709 -0.0644, 0.9724 -0.9634 -0.6093, 0.9724 0.7117 0.4181, 0.9724 0.7046 -0.0717, 0.9724 0.6987 -0.0779, 0.9724 -0.9469 -0.6313, 0.9724 -0.9547 -0.6259, 0.9724 -0.9601 -0.6181, 0.9724 -0.9632 -0.5041, 0.9724 -0.9593 -0.4947, 0.9724 0.667 0.4813, 0.9724 0.6755 0.4782, 0.9724 0.6831 0.4734, 0.9724 -0.938 -0.6347, 0.9724 0.6893 0.4669, 0.9724 0.6893 0.4669
            ]
        }
        coordIndex [
            0,1,2,-1,2,1,3,-1,4,3,5,-1,5,3,1,-1,6,4,7,-1,7,4,5,-1,8,6,9,-1,9,6,7,-1,10,8,11,-1,11,8,9,-1,12,10,13,-1,13,10,11,-1,14,15,16,-1,16,15,17,-1,18,19,20,-1,20,19,21,-1,22,23,24,-1,24,23,25,-1,26,25,27,-1,27,25,23,-1,28,26,29,-1,29,26,27,-1,30,28,31,-1,31,28,29,-1,32,30,33,-1,33,30,31,-1,34,35,36,-1,36,35,37,-1,38,20,8,-1,25,4,24,-1,24,4,6,-1,24,6,39,-1,40,35,32,-1,8,20,6,-1,6,20,21,-1,6,21,41,-1,25,26,4,-1,4,26,28,-1,4,28,3,-1,10,16,8,-1,8,16,17,-1,8,17,38,-1,41,42,6,-1,6,42,43,-1,6,43,39,-1,32,35,30,-1,44,45,46,-1,47,48,28,-1,28,48,2,-1,28,2,3,-1,40,32,46,-1,46,32,49,-1,46,49,44,-1,30,35,28,-1,28,35,34,-1,28,34,47,-1,10,12,16,-1,16,12,50,-1,16,50,51,-1,51,50,52,-1,51,52,53,-1,33,31,29,-1,7,19,9,-1,9,19,18,-1,18,54,9,-1,9,54,15,-1,9,15,14,-1,55,56,7,-1,27,23,29,-1,29,23,5,-1,5,23,7,-1,7,23,22,-1,7,22,55,-1,56,57,7,-1,7,57,58,-1,7,58,19,-1,5,1,29,-1,29,1,0,-1,29,0,59,-1,29,37,33,-1,33,37,60,-1,33,60,61,-1,11,9,13,-1,13,9,14,-1,13,14,62,-1,62,14,63,-1,62,63,64,-1,64,63,65,-1,59,66,29,-1,29,66,36,-1,29,36,37,-1,67,68,61,-1,61,68,69,-1,61,69,33,-1,12,13,62,-1,12,62,50,-1,50,62,64,-1,50,64,52,-1,52,64,65,-1,52,65,53,-1,53,65,63,-1,53,63,51,-1,51,63,14,-1,51,14,16,-1,17,15,54,-1,17,54,38,-1,38,54,18,-1,38,18,20,-1,21,19,58,-1,21,58,41,-1,41,58,57,-1,41,57,42,-1,42,57,56,-1,42,56,43,-1,43,56,55,-1,43,55,39,-1,39,55,22,-1,39,22,24,-1,34,36,66,-1,34,66,47,-1,47,66,59,-1,47,59,48,-1,48,59,0,-1,48,0,2,-1,32,33,69,-1,32,69,49,-1,49,69,68,-1,49,68,44,-1,44,68,67,-1,44,67,45,-1,45,67,61,-1,45,61,46,-1,46,61,60,-1,46,60,40,-1,40,60,37,-1,40,37,35,-1,70,71,72,-1,72,71,73,-1,72,74,70,-1,70,74,75,-1,74,76,75,-1,75,76,77,-1,76,78,77,-1,77,78,79,-1,78,80,79,-1,79,80,81,-1,82,81,83,-1,83,81,80,-1,84,85,86,-1,86,85,87,-1,88,89,90,-1,90,89,91,-1,92,93,94,-1,94,93,95,-1,94,96,92,-1,92,96,97,-1,96,98,97,-1,97,98,99,-1,98,100,99,-1,99,100,101,-1,100,102,101,-1,101,102,103,-1,104,105,106,-1,106,105,107,-1,83,80,78,-1,91,78,90,-1,90,78,76,-1,90,76,108,-1,96,94,98,-1,98,94,74,-1,74,94,76,-1,76,94,95,-1,76,95,109,-1,110,111,112,-1,100,98,102,-1,102,98,104,-1,109,113,76,-1,76,113,114,-1,76,114,108,-1,74,72,98,-1,98,72,73,-1,98,73,115,-1,116,117,118,-1,91,119,78,-1,78,119,86,-1,78,86,83,-1,83,86,87,-1,83,87,112,-1,112,87,120,-1,112,120,110,-1,115,121,98,-1,98,121,105,-1,98,105,104,-1,104,122,102,-1,102,122,116,-1,102,116,123,-1,123,116,118,-1,124,125,77,-1,92,75,93,-1,93,75,77,-1,126,106,103,-1,84,127,79,-1,79,127,89,-1,79,89,77,-1,77,89,88,-1,77,88,124,-1,92,97,75,-1,75,97,99,-1,75,99,70,-1,125,128,77,-1,77,128,129,-1,77,129,93,-1,103,106,101,-1,130,131,132,-1,133,134,99,-1,99,134,71,-1,99,71,70,-1,135,136,137,-1,126,103,132,-1,132,103,138,-1,132,138,130,-1,101,106,99,-1,99,106,107,-1,99,107,133,-1,79,81,84,-1,84,81,82,-1,84,82,85,-1,85,82,135,-1,85,135,139,-1,139,135,137,-1,87,85,139,-1,87,139,120,-1,120,139,137,-1,120,137,110,-1,110,137,136,-1,110,136,111,-1,111,136,135,-1,111,135,112,-1,112,135,82,-1,112,82,83,-1,91,89,127,-1,91,127,119,-1,119,127,84,-1,119,84,86,-1,95,93,129,-1,95,129,109,-1,109,129,128,-1,109,128,113,-1,113,128,125,-1,113,125,114,-1,114,125,124,-1,114,124,108,-1,108,124,88,-1,108,88,90,-1,73,71,134,-1,73,134,115,-1,115,134,133,-1,115,133,121,-1,121,133,107,-1,121,107,105,-1,117,131,130,-1,117,130,118,-1,118,130,138,-1,118,138,123,-1,123,138,103,-1,123,103,102,-1,104,106,126,-1,104,126,122,-1,122,126,132,-1,122,132,116,-1,116,132,131,-1,116,131,117,-1,
        ]
    }
}
Shape{
    appearance Appearance {
        material  Material 	{
            diffuseColor 1.0 0.9764705882352941 0.9058823529411765
            specularColor 0.5019607843137255 0.48627450980392156 0.45098039215686275
            ambientIntensity 0.2
            transparency 0
            shininess 0.5
        }
    }
    geometry IndexedFaceSet {
        ccw TRUE
        solid FALSE
        coord DEF co Coordinate {
            point [
                1.2598 0.0792 -0.4705, 1.2598 0.4921 -0.4705, 1.2598 0.4921 -0.3453, 1.2598 -0.3833 -0.4705, 1.2598 0.0792 -0.3453, 1.2598 -0.5813 -0.2276, 1.2598 -0.5821 -0.2255, 1.2598 -0.5821 -0.2395, 1.2598 -0.5245 -0.3241, 1.2598 -0.5252 -0.3242, 1.2598 -0.5126 -0.3242, 1.2598 -0.467 -0.2703, 1.2598 -0.4501 -0.2703, 1.2598 -0.4501 -0.2551, 1.2598 -0.683 -0.2273, 1.2598 -0.6727 -0.236, 1.2598 -0.6367 -0.1852, 1.2598 -0.6367 -0.2395, 1.2598 -0.7319 -0.1806, 1.2598 -0.7252 -0.1852, 1.2598 -0.7166 -0.1911, 1.2598 -0.7038 -0.2061, 1.2598 -0.6962 -0.2211, 1.2598 -0.6943 -0.2217, 1.2598 -0.8035 -0.1798, 1.2598 -0.7859 -0.1734, 1.2598 -0.9843 0.6004, 1.2598 -0.6367 0.6004, 1.2598 -0.7683 -0.1713, 1.2598 -0.7508 -0.1734, 1.2598 -0.8123 -0.1852, 1.2598 -0.9843 -0.1852, 1.2598 -0.8138 -0.1861, 1.2598 -0.9843 -0.2395, 1.2598 -0.8953 -0.2395, 1.2598 -0.892 -0.232, 1.2598 -0.8829 -0.2203, 1.2598 -0.8542 -0.2039, 1.2598 -0.8392 -0.2021, 1.2598 -0.8227 -0.1938, 1.2598 -0.8349 -0.2023, 1.2598 -0.8305 -0.2028, 1.2598 -0.8803 -0.2179, 1.2598 -0.8682 -0.2094, 1.2598 -0.8729 -0.315, 1.2598 -0.8848 -0.3049, 1.2598 -0.9843 -0.3242, 1.2598 -0.8592 -0.3217, 1.2598 -0.8934 -0.2926, 1.2598 -0.8989 -0.2784, 1.2598 -0.9843 -0.2551, 1.2598 -0.9007 -0.2636, 1.2598 -0.9006 -0.2599, 1.2598 -0.8998 -0.2551, 1.2598 -0.8981 -0.2457, 1.2598 -0.8544 -0.3232, 1.2598 -0.8539 -0.3242, 1.2598 -0.8506 -0.3313, 1.2598 -0.9843 -0.3453, 1.2598 -0.845 -0.3383, 1.2598 -0.8375 -0.3439, 1.2598 -0.6367 -0.4705, 1.2598 -0.6367 -0.3453, 1.2598 -0.8026 -0.3453, 1.2598 -0.9843 -0.4705, 1.2598 -0.8288 -0.3475, 1.2598 -0.834 -0.3453, 1.2598 -0.8092 -0.3478, 1.2598 -0.8184 -0.349, 1.2598 -0.8198 -0.3489, 1.2598 -0.6367 -0.3242, 1.2598 -0.7828 -0.3242, 1.2598 -0.7828 -0.3243, 1.2598 -0.7873 -0.3328, 1.2598 -0.7931 -0.3393, 1.2598 -0.8007 -0.3446, 1.2598 -0.6603 -0.2584, 1.2598 -0.6586 -0.2708, 1.2598 -0.6367 -0.2551, 1.2598 -0.7343 -0.3018, 1.2598 -0.7317 -0.3008, 1.2598 -0.7273 -0.2791, 1.2598 -0.6726 -0.3068, 1.2598 -0.6829 -0.3156, 1.2598 -0.7899 -0.2856, 1.2598 -0.739 -0.259, 1.2598 -0.7965 -0.2795, 1.2598 -0.8046 -0.2752, 1.2598 -0.7367 -0.3034, 1.2598 -0.6651 -0.2963, 1.2598 -0.6823 -0.2678, 1.2598 -0.6841 -0.2605, 1.2598 -0.687 -0.2551, 1.2598 -0.8759 -0.2551, 1.2598 -0.6603 -0.2843, 1.2598 -0.7288 -0.3004, 1.2598 -0.7284 -0.3004, 1.2598 -0.7273 -0.3007, 1.2598 -0.8736 -0.278, 1.2598 -0.8691 -0.2856, 1.2598 -0.8498 -0.2896, 1.2598 -0.8623 -0.2926, 1.2598 -0.854 -0.2977, 1.2598 -0.8358 -0.277, 1.2598 -0.8436 -0.2824, 1.2598 -0.8768 -0.2628, 1.2598 -0.8763 -0.2687, 1.2598 -0.8274 -0.2738, 1.2598 -0.8184 -0.2727, 1.2598 -0.8137 -0.273, 1.2598 -0.7406 -0.3121, 1.2598 -0.7405 -0.3106, 1.2598 -0.7804 -0.3072, 1.2598 -0.7397 -0.3078, 1.2598 -0.7382 -0.3052, 1.2598 -0.6898 -0.2912, 1.2598 -0.6856 -0.2853, 1.2598 -0.683 -0.2786, 1.2598 -0.6821 -0.2712, 1.2598 -0.7317 -0.3236, 1.2598 -0.7342 -0.3226, 1.2598 -0.7367 -0.3208, 1.2598 -0.7375 -0.3199, 1.2598 -0.7392 -0.3175, 1.2598 -0.7402 -0.315, 1.2598 -0.7806 -0.315, 1.2598 -0.7804 -0.311, 1.2598 -0.6945 -0.3212, 1.2598 -0.7072 -0.3239, 1.2598 -0.7295 -0.3239, 1.2598 -0.7265 -0.3008, 1.2598 -0.7094 -0.3008, 1.2598 -0.7026 -0.2995, 1.2598 -0.6959 -0.2964, 1.2598 -0.6903 -0.2918, 1.2598 -0.7147 -0.2416, 1.2598 -0.8724 -0.2452, 1.2598 -0.8757 -0.2536, 1.2598 -0.7117 -0.2416, 1.2598 -0.6876 -0.254, 1.2598 -0.692 -0.2491, 1.2598 -0.6979 -0.245, 1.2598 -0.7045 -0.2424, 1.2598 -0.7229 -0.2188, 1.2598 -0.7315 -0.2085, 1.2598 -0.8187 -0.2305, 1.2598 -0.7324 -0.2077, 1.2598 -0.7431 -0.2003, 1.2598 -0.8129 -0.2185, 1.2598 -0.8685 -0.2395, 1.2598 -0.8214 -0.2291, 1.2598 -0.7152 -0.2395, 1.2598 -0.7171 -0.231, 1.2598 -0.8299 -0.226, 1.2598 -0.8389 -0.2249, 1.2598 -0.8428 -0.2251, 1.2598 -0.8044 -0.2084, 1.2598 -0.755 -0.1957, 1.2598 -0.7943 -0.2009, 1.2598 -0.7679 -0.1941, 1.2598 -0.7819 -0.1959, 1.2598 -0.8522 -0.2273, 1.2598 -0.8606 -0.2318, 1.2598 -0.8672 -0.2376, 1.2598 -0.6702 -0.2395, 1.2598 -0.665 -0.2468, 1.2598 -0.6616 -0.2551, 1.2598 -0.4383 -0.3176, 1.2598 -0.4383 -0.3237, 1.2598 -0.4333 -0.3242, 1.2598 -0.4333 -0.2551, 1.2598 -0.4395 -0.2703, 1.2598 -0.4395 -0.2765, 1.2598 -0.4601 -0.2997, 1.2598 -0.4601 -0.3176, 1.2598 -0.4501 -0.2997, 1.2598 -0.4501 -0.3176, 1.2598 -0.441 -0.2997, 1.2598 -0.441 -0.2936, 1.2598 -0.4601 -0.2765, 1.2598 -0.4601 -0.2936, 1.2598 -0.4501 -0.2765, 1.2598 -0.4501 -0.2936, 1.2598 -0.4501 -0.3242, 1.2598 -0.4501 -0.3237, 1.2598 -0.467 -0.3237, 1.2598 -0.4934 -0.3143, 1.2598 -0.4926 -0.3174, 1.2598 -0.4924 -0.3174, 1.2598 -0.4742 -0.2856, 1.2598 -0.5001 -0.2551, 1.2598 -0.4812 -0.2856, 1.2598 -0.5001 -0.2949, 1.2598 -0.4916 -0.3143, 1.2598 -0.4921 -0.3161, 1.2598 -0.5401 -0.3155, 1.2598 -0.5468 -0.2551, 1.2598 -0.5468 -0.3242, 1.2598 -0.5375 -0.3171, 1.2598 -0.537 -0.3173, 1.2598 -0.537 -0.3031, 1.2598 -0.5381 -0.3019, 1.2598 -0.539 -0.3005, 1.2598 -0.5397 -0.2985, 1.2598 -0.54 -0.2959, 1.2598 -0.5398 -0.2935, 1.2598 -0.537 -0.3031, 1.2598 -0.5336 -0.3242, 1.2598 -0.5359 -0.3239, 1.2598 -0.537 -0.3242, 1.2598 -0.537 -0.3235, 1.2598 -0.5401 -0.3224, 1.2598 -0.5161 -0.2864, 1.2598 -0.5161 -0.2929, 1.2598 -0.5357 -0.2878, 1.2598 -0.5337 -0.2865, 1.2598 -0.537 -0.2551, 1.2598 -0.5146 -0.316, 1.2598 -0.5154 -0.3182, 1.2598 -0.5167 -0.3199, 1.2598 -0.539 -0.2913, 1.2598 -0.5377 -0.2895, 1.2598 -0.537 -0.2889, 1.2598 -0.53 -0.2852, 1.2598 -0.5252 -0.2847, 1.2598 -0.5126 -0.2551, 1.2598 -0.5206 -0.2851, 1.2598 -0.5165 -0.3071, 1.2598 -0.5153 -0.3089, 1.2598 -0.5146 -0.3109, 1.2598 -0.5143 -0.3134, 1.2598 -0.5186 -0.3216, 1.2598 -0.5208 -0.3229, 1.2598 -0.5258 -0.2902, 1.2598 -0.5278 -0.2903, 1.2598 -0.5331 -0.2953, 1.2598 -0.5296 -0.2908, 1.2598 -0.5311 -0.2916, 1.2598 -0.5331 -0.2962, 1.2598 -0.5328 -0.2972, 1.2598 -0.5323 -0.2981, 1.2598 -0.5317 -0.2988, 1.2598 -0.5293 -0.3003, 1.2598 -0.5214 -0.2907, 1.2598 -0.5252 -0.3021, 1.2598 -0.5177 -0.292, 1.2598 -0.5226 -0.3032, 1.2598 -0.5181 -0.3056, 1.2598 -0.5321 -0.2925, 1.2598 -0.5327 -0.2933, 1.2598 -0.533 -0.2942, 1.2598 -0.5333 -0.3187, 1.2598 -0.5299 -0.307, 1.2598 -0.5339 -0.3051, 1.2598 -0.5291 -0.3192, 1.2598 -0.5288 -0.3192, 1.2598 -0.5255 -0.3088, 1.2598 -0.5253 -0.3188, 1.2598 -0.5212 -0.314, 1.2598 -0.5212 -0.3132, 1.2598 -0.5236 -0.3182, 1.2598 -0.523 -0.3178, 1.2598 -0.5222 -0.3171, 1.2598 -0.5217 -0.3162, 1.2598 -0.5213 -0.3153, 1.2598 -0.5215 -0.3121, 1.2598 -0.5221 -0.3112, 1.2598 -0.5229 -0.3104, 1.2598 -0.3833 -0.2395, 1.2598 -0.4006 -0.239, 1.2598 -0.4082 -0.239, 1.2598 -0.4137 -0.2244, 1.2598 -0.4333 -0.2244, 1.2598 -0.4333 -0.2395, 1.2598 -0.421 -0.1857, 1.2598 -0.3833 -0.1852, 1.2598 -0.4333 -0.1852, 1.2598 -0.4359 -0.2244, 1.2598 -0.441 -0.239, 1.2598 -0.4501 -0.2395, 1.2598 -0.4487 -0.239, 1.2598 -0.4501 -0.1852, 1.2598 -0.4333 -0.1987, 1.2598 -0.4283 -0.1857, 1.2598 -0.5064 -0.1918, 1.2598 -0.5001 -0.1852, 1.2598 -0.5064 -0.1857, 1.2598 -0.5126 -0.1852, 1.2598 -0.5126 -0.1857, 1.2598 -0.5052 -0.233, 1.2598 -0.5079 -0.215, 1.2598 -0.5126 -0.233, 1.2598 -0.5126 -0.215, 1.2598 -0.527 -0.233, 1.2598 -0.527 -0.215, 1.2598 -0.527 -0.1918, 1.2598 -0.527 -0.2089, 1.2598 -0.5126 -0.1918, 1.2598 -0.5126 -0.2089, 1.2598 -0.5079 -0.2089, 1.2598 -0.5339 -0.239, 1.2598 -0.537 -0.2395, 1.2598 -0.5126 -0.2395, 1.2598 -0.5001 -0.2395, 1.2598 -0.5052 -0.239, 1.2598 -0.5126 -0.239, 1.2598 -0.5339 -0.1857, 1.2598 -0.537 -0.1852, 1.2598 -0.5571 -0.191, 1.2598 -0.5595 -0.1911, 1.2598 -0.5468 -0.2313, 1.2598 -0.5506 -0.1918, 1.2598 -0.5446 -0.1942, 1.2598 -0.5446 -0.2302, 1.2598 -0.5452 -0.1938, 1.2598 -0.5468 -0.1932, 1.2598 -0.5641 -0.1921, 1.2598 -0.5683 -0.1941, 1.2598 -0.5717 -0.1969, 1.2598 -0.5721 -0.1973, 1.2598 -0.5746 -0.201, 1.2598 -0.5764 -0.2057, 1.2598 -0.5773 -0.213, 1.2598 -0.5772 -0.2152, 1.2598 -0.5498 -0.2326, 1.2598 -0.5559 -0.2337, 1.2598 -0.5583 -0.2338, 1.2598 -0.5763 -0.2205, 1.2598 -0.5746 -0.2248, 1.2598 -0.5721 -0.2282, 1.2598 -0.5706 -0.2296, 1.2598 -0.5631 -0.2333, 1.2598 -0.567 -0.2319, 1.2598 -0.5515 -0.1852, 1.2598 -0.5502 -0.1853, 1.2598 -0.5468 -0.1852, 1.2598 -0.5468 -0.1863, 1.2598 -0.5446 -0.1869, 1.2598 -0.5821 -0.1852, 1.2598 -0.5807 -0.1977, 1.2598 -0.5768 -0.1926, 1.2598 -0.5755 -0.1914, 1.2598 -0.5705 -0.1879, 1.2598 -0.5649 -0.1857, 1.2598 -0.5853 -0.1852, 1.2598 -0.5832 -0.2036, 1.2598 -0.5821 -0.2011, 1.2598 -0.5835 -0.222, 1.2598 -0.5853 -0.2395, 1.2598 -0.5845 -0.2134, 1.2598 -0.5844 -0.2106, 1.2598 -0.5691 -0.2383, 1.2598 -0.574 -0.2358, 1.2598 -0.5777 -0.2327, 1.2598 -0.5781 -0.2322, 1.2598 -0.5643 -0.2395, 1.2598 -0.5821 -0.2551, 1.2598 -0.5634 -0.2397, 1.2598 -0.5593 -0.2399, 1.2598 -0.5546 -0.2395, 1.2598 -0.5446 -0.2368, 1.2598 -0.5455 -0.2373, 1.2598 -0.5468 -0.2395, 1.2598 -0.5468 -0.2377, 1.2598 -0.5512 -0.2392, 1.2598 -0.577 -0.3055, 1.2598 -0.576 -0.2948, 1.2598 -0.5784 -0.3074, 1.2598 -0.5793 -0.3098, 1.2598 -0.5821 -0.3242, 1.2598 -0.5786 -0.3188, 1.2598 -0.5794 -0.3166, 1.2598 -0.5589 -0.2851, 1.2598 -0.556 -0.286, 1.2598 -0.5749 -0.3037, 1.2598 -0.5721 -0.3023, 1.2598 -0.572 -0.2921, 1.2598 -0.5671 -0.3011, 1.2598 -0.5613 -0.2904, 1.2598 -0.5635 -0.2902, 1.2598 -0.5678 -0.2906, 1.2598 -0.5742 -0.3232, 1.2598 -0.5765 -0.3216, 1.2598 -0.5772 -0.3209, 1.2598 -0.5538 -0.2872, 1.2598 -0.552 -0.2889, 1.2598 -0.5507 -0.2911, 1.2598 -0.5558 -0.3178, 1.2598 -0.556 -0.3178, 1.2598 -0.5558 -0.3237, 1.2598 -0.5571 -0.3195, 1.2598 -0.5592 -0.3217, 1.2598 -0.576 -0.2883, 1.2598 -0.5746 -0.2875, 1.2598 -0.5696 -0.2855, 1.2598 -0.5629 -0.2847, 1.2598 -0.5798 -0.3135, 1.2598 -0.5797 -0.3126, 1.2598 -0.5558 -0.2995, 1.2598 -0.556 -0.2965, 1.2598 -0.5567 -0.2942, 1.2598 -0.5575 -0.2928, 1.2598 -0.5496 -0.2942, 1.2598 -0.5491 -0.2992, 1.2598 -0.5491 -0.3237, 1.2598 -0.5585 -0.2917, 1.2598 -0.5597 -0.2909, 1.2598 -0.564 -0.3242, 1.2598 -0.5642 -0.3242, 1.2598 -0.5468 -0.3453, 1.2598 -0.5821 -0.3453, 1.2598 -0.5677 -0.3246, 1.2598 -0.5715 -0.3242, 1.2598 -0.5717 -0.3242, 1.2598 -0.5001 -0.3242, 1.2598 -0.5001 -0.3128, 1.2598 -0.5108 -0.2856, 1.2598 -0.5034 -0.2856, 1.2598 -0.4959 -0.3236, 1.2598 -0.4961 -0.3242, 1.2598 -0.4988 -0.3306, 1.2598 -0.5126 -0.3453, 1.2598 -0.5095 -0.3411, 1.2598 -0.5095 -0.3352, 1.2598 -0.5014 -0.3344, 1.2598 -0.5001 -0.333, 1.2598 -0.5001 -0.333, 1.2598 -0.5297 -0.3246, 1.2598 -0.537 -0.3453, 1.2598 -0.5081 -0.3356, 1.2598 -0.5057 -0.336, 1.2598 -0.5001 -0.3405, 1.2598 -0.5024 -0.3414, 1.2598 -0.5001 -0.3453, 1.2598 -0.5051 -0.3417, 1.2598 -0.5066 -0.3416, 1.2598 -0.504 -0.3358, 1.2598 -0.5025 -0.3352, 1.2598 -0.4915 -0.3295, 1.2598 -0.4946 -0.3354, 1.2598 -0.4501 -0.3453, 1.2598 -0.4894 -0.3242, 1.2598 -0.497 -0.3383, 1.2598 -0.4975 -0.3387, 1.2598 -0.4998 -0.3404, 1.2598 -0.4333 -0.4705, 1.2598 -0.4333 -0.3453, 1.2598 -0.4501 -0.4705, 1.2598 -0.5001 -0.4705, 1.2598 -0.5126 -0.4705, 1.2598 -0.537 -0.4705, 1.2598 -0.5468 -0.4705, 1.2598 -0.5821 -0.4705, 1.2598 -0.5615 -0.3233, 1.2598 -0.3833 -0.3453, 1.2598 0.0792 -0.3242, 1.2598 -0.3833 -0.3242, 1.2598 -0.6149 -0.2703, 1.2598 -0.5874 -0.2703, 1.2598 -0.5853 -0.2551, 1.2598 -0.5874 -0.2765, 1.2598 -0.608 -0.2997, 1.2598 -0.608 -0.3176, 1.2598 -0.5889 -0.2997, 1.2598 -0.5862 -0.3176, 1.2598 -0.5889 -0.2936, 1.2598 -0.6149 -0.3237, 1.2598 -0.5853 -0.3242, 1.2598 -0.5853 -0.3453, 1.2598 -0.5853 -0.4705, 1.2598 -0.608 -0.2765, 1.2598 -0.608 -0.2936, 1.2598 -0.5862 -0.3237, 1.2598 -0.4136 -0.3237, 1.2598 -0.4282 -0.3237, 1.2598 -0.3862 -0.306, 1.2598 -0.3889 -0.3115, 1.2598 -0.3928 -0.3162, 1.2598 -0.3984 -0.3203, 1.2598 -0.4045 -0.3226, 1.2598 -0.4282 -0.2703, 1.2598 -0.413 -0.2703, 1.2598 -0.3833 -0.2551, 1.2598 -0.4049 -0.2712, 1.2598 -0.3984 -0.2736, 1.2598 -0.3928 -0.2774, 1.2598 -0.3909 -0.2793, 1.2598 -0.3876 -0.2839, 1.2598 -0.3857 -0.289, 1.2598 -0.3848 -0.2964, 1.2598 -0.3849 -0.2998, 1.2598 -0.3742 -0.3237, 1.2598 -0.3818 -0.3237, 1.2598 -0.3414 -0.3237, 1.2598 -0.3468 -0.3091, 1.2598 -0.3691 -0.3091, 1.2598 -0.3615 -0.2703, 1.2598 -0.3541 -0.2703, 1.2598 -0.608 -0.1857, 1.2598 -0.608 -0.233, 1.2598 -0.5867 -0.233, 1.2598 -0.6149 -0.239, 1.2598 -0.6149 -0.1857, 1.2598 -0.5867 -0.239, 1.2598 -0.4531 -0.2213, 1.2598 -0.4557 -0.2268, 1.2598 -0.4597 -0.2316, 1.2598 -0.4653 -0.2356, 1.2598 -0.4799 -0.1857, 1.2598 -0.4717 -0.1866, 1.2598 -0.4653 -0.1889, 1.2598 -0.4714 -0.238, 1.2598 -0.4804 -0.239, 1.2598 -0.4951 -0.239, 1.2598 -0.4951 -0.1857, 1.2598 -0.4597 -0.1927, 1.2598 -0.4578 -0.1946, 1.2598 -0.4545 -0.1992, 1.2598 -0.4525 -0.2043, 1.2598 -0.4516 -0.2117, 1.2598 -0.4518 -0.2151, 1.2598 -0.3338 -0.3237, 1.2598 0.0792 -0.2551, 1.2598 0.0792 -0.2395, 1.2598 0.0792 -0.1852, 1.2598 0.4921 -0.3242, 1.2598 0.4921 -0.2551, 1.2598 0.4921 -0.2395, 1.2598 0.4921 -0.1852, 1.2598 -0.5609 -0.1852, 1.2598 -0.5821 0.6004, 1.2598 -0.5853 0.6004, 1.2598 0.4921 0.6004, 1.2598 0.0792 0.6004, 1.2598 -0.3833 0.6004, 1.2598 -0.4333 0.6004, 1.2598 -0.4501 0.6004, 1.2598 -0.5001 0.6004, 1.2598 -0.5126 0.6004, 1.2598 -0.537 0.6004, 1.2598 -0.5468 0.6004, 1.2598 -0.5572 -0.1848, -0.8858 -0.9252 0.2756, -0.8858 0.1575 0.2756, -0.8858 -0.9252 0.3937, -0.8858 0.1575 0.3937, 0.8858 0.1575 -0.3937, 0.8858 -0.9252 -0.3937, 0.8858 0.1575 -0.3423, 0.8858 -0.9252 -0.0, 0.8858 0.1575 -0.0139, 0.8858 0.1575 -0.0, 0.9724 -0.9843 -0.4705, 1.0709 -0.9646 -0.4705, 0.9724 -0.9646 -0.4705, 1.0709 0.4921 -0.4705, 0.9724 0.4921 0.5531, 0.9724 0.4921 0.6004, 1.0709 0.4921 0.5531, 0.9724 0.7087 0.4823, 0.9724 0.7087 -0.561, 0.6791 0.7087 0.4823, 0.6791 0.7087 -0.561, 0.6398 0.6405 -0.561, 0.9724 0.5118 -0.561, 0.6398 0.5118 -0.561, 0.1083 0.7087 0.4823, 0.1083 0.7087 -0.561, -0.1083 0.7087 0.4823, -0.1083 0.7087 -0.561, -0.2854 0.7087 0.4823, -0.2854 0.7087 -0.561, -0.502 0.7087 0.4823, -0.502 0.7087 -0.561, 0.1476 0.5118 -0.561, -0.1476 0.5118 -0.561, -0.1476 0.6405 -0.561, 0.1476 0.6405 -0.561, -0.2461 0.5118 -0.561, -0.5413 0.5118 -0.561, -0.5413 0.6405 -0.561, -0.2461 0.6405 -0.561, 0.502 0.7087 0.4823, 0.502 0.7087 -0.561, 0.2854 0.7087 0.4823, 0.2854 0.7087 -0.561, 0.2461 0.6405 -0.561, 0.5413 0.6405 -0.561, 0.2461 0.5118 -0.561, 0.5413 0.5118 -0.561, -0.9724 0.5118 -0.6004, -0.8012 0.5118 -0.6004, -0.9724 -0.9843 -0.6004, -0.5463 0.5118 -0.6004, -0.2411 0.5118 -0.6004, -0.1526 0.5118 -0.6004, 0.9724 -0.9843 -0.6004, 0.1526 0.5118 -0.6004, 0.2411 0.5118 -0.6004, 0.5463 0.5118 -0.6004, 0.9724 0.5118 -0.6004, -0.6791 0.7087 0.4823, -0.6791 0.7087 -0.561, -0.9724 0.7087 0.4823, -0.9724 0.7087 -0.561, -1.2598 0.4921 0.6004, -1.2598 -0.9843 0.6004, -0.9724 0.4921 0.6004, 0.9724 0.5118 0.6004, 0.5463 0.5118 0.6004, -0.2411 0.5118 0.6004, -0.5463 0.5118 0.6004, -0.8012 0.5118 0.6004, -0.9724 0.5118 0.6004, 0.2411 0.5118 0.6004, 0.1526 0.5118 0.6004, -0.1526 0.5118 0.6004, 1.063 -0.9843 -0.0591, 0.9449 -0.9843 -0.0591, 0.9449 -0.9843 -0.4528, -1.063 -0.9843 0.3346, -1.063 -0.9843 -0.0591, -1.2598 -0.9843 -0.4705, -0.9724 -0.9843 -0.4705, -0.9449 -0.9843 -0.4528, -0.9449 -0.9843 -0.0591, -0.9449 -0.9843 0.3346, -0.9449 -0.9843 0.4528, 0.9449 -0.9843 0.4528, 0.9449 -0.9843 0.3346, 1.063 -0.9843 0.3346, -1.2598 0.4921 -0.4705, -0.9724 0.4921 0.5531, -1.0709 0.4921 0.5531, -1.0709 0.4921 -0.4705, -0.9724 -0.9646 -0.4705, -1.0709 -0.9646 -0.4705, -0.9724 0.1575 0.2756, -0.9724 -0.9252 0.2756, -0.9724 -0.9646 0.315, -0.9724 0.5118 -0.561, -0.9724 0.5118 0.4823, -0.9724 -0.9646 0.5531, -0.9724 0.1575 -0.0, -0.9724 -0.9252 -0.0, -0.9724 -0.9646 -0.0394, 0.9724 0.5118 0.4823, 0.9724 -0.9646 0.315, 0.9724 -0.9252 0.2756, 0.9724 -0.9646 0.5531, 0.9724 0.1575 0.2756, 0.9724 0.1575 -0.0, 0.9724 -0.9252 -0.0, 0.9724 -0.9646 -0.0394, -0.8012 0.5118 -0.561, -0.6398 0.5118 -0.561, -0.6398 0.6405 -0.561, -0.2411 0.5118 -0.4386, 0.1526 0.5118 -0.4386, -0.2461 0.5118 -0.4386, -0.2461 0.5118 0.4355, 0.6398 0.5118 0.4823, 0.6398 0.5118 0.4355, 0.5463 0.5118 0.4355, -0.5463 0.5118 -0.4386, -0.6398 0.5118 -0.4386, 0.6398 0.5118 -0.4386, 0.5463 0.5118 -0.4386, 0.5512 0.5118 0.3887, 0.5512 0.5118 -0.3162, -0.8012 0.5118 0.4823, -0.6398 0.5118 0.4823, -0.6398 0.5118 0.4355, -0.6299 0.5118 0.3887, -0.6299 0.5118 -0.3162, -0.5512 0.5118 0.3887, -0.5463 0.5118 0.4355, -0.5512 0.5118 -0.3162, 0.5413 0.5118 0.4823, 0.6299 0.5118 0.3887, 0.6299 0.5118 -0.3162, 0.5413 0.5118 0.4355, 0.2461 0.5118 0.4823, 0.2461 0.5118 0.4355, 0.2411 0.5118 0.4355, 0.2461 0.5118 -0.4386, 0.2411 0.5118 -0.4386, 0.1476 0.5118 0.4823, -0.1476 0.5118 0.4823, -0.1476 0.5118 0.4355, -0.1526 0.5118 0.4355, -0.1476 0.5118 -0.4386, -0.1526 0.5118 -0.4386, -0.2461 0.5118 0.4823, -0.5413 0.5118 0.4823, -0.5413 0.5118 0.4355, -0.5413 0.5118 -0.4386, 0.5413 0.5118 -0.4386, 0.1476 0.5118 -0.4386, 0.1476 0.5118 0.4355, 0.1526 0.5118 0.4355, 0.1575 0.5118 -0.3162, 0.2362 0.5118 -0.3162, 0.2362 0.5118 0.3887, 0.1575 0.5118 0.3887, -0.2411 0.5118 0.4355, -0.2362 0.5118 -0.3162, -0.1575 0.5118 -0.3162, -0.1575 0.5118 0.3887, -0.2362 0.5118 0.3887, 0.2461 0.6405 0.4823, 0.1476 0.6405 0.4823, -0.5413 0.6405 0.4823, -0.6398 0.6405 0.4823, -0.1476 0.6405 0.4823, -0.2461 0.6405 0.4823, 0.6398 0.6405 0.4823, 0.5413 0.6405 0.4823, -1.0709 -0.9646 0.5531, -1.0433 -0.9646 -0.0394, -1.0433 -0.9646 0.315, 1.0433 -0.9646 0.315, 1.0709 -0.9646 0.5531, 1.0433 -0.9646 -0.0394, -0.8858 0.1575 -0.0139, -0.8858 0.1575 -0.0, -0.8858 -0.9252 -0.0, -0.8858 0.1575 -0.3423, -0.8858 -0.9252 -0.3937, -0.8858 0.1575 -0.3937, 0.8012 0.1575 0.3937, 0.8858 0.1575 0.3937, 0.8858 -0.9252 0.3937, -0.3937 0.1575 0.3937, 0.0 0.1575 0.3937, 0.3937 0.1575 0.3937, 0.8858 -0.9252 0.2756, 0.8858 0.1575 0.2756, -0.3937 0.1575 -0.3937, 0.8012 0.1575 -0.3937, 0.3937 0.1575 -0.3937, 0.0 0.1575 -0.3937, 0.8012 0.1575 -0.0139, 0.8012 0.1575 -0.3423, -0.3937 0.1575 -0.3423, -0.5512 0.1575 -0.2909, -0.6299 0.1575 -0.2909, -0.6299 0.1575 -0.1123, -0.5512 0.1575 -0.1123, -0.3937 0.1575 -0.0139, -0.6299 0.1575 0.0844, -0.6299 0.1575 0.2419, -0.5512 0.1575 0.2419, -0.5512 0.1575 0.0844, 0.3937 0.1575 -0.3423, 0.0 0.1575 -0.3423, -0.1575 0.1575 -0.1123, 0.0 0.1575 -0.0139, -0.2362 0.1575 -0.1123, -0.2362 0.1575 -0.2909, -0.1575 0.1575 -0.2909, 0.2362 0.1575 -0.1123, 0.3937 0.1575 -0.0139, 0.1575 0.1575 -0.1123, 0.1575 0.1575 -0.2909, 0.2362 0.1575 -0.2909, 0.6299 0.1575 -0.1123, 0.5512 0.1575 -0.1123, 0.5512 0.1575 -0.2909, 0.6299 0.1575 -0.2909, -0.1575 0.1575 0.2419, -0.2362 0.1575 0.2419, -0.2362 0.1575 0.0844, -0.1575 0.1575 0.0844, 0.2362 0.1575 0.2419, 0.1575 0.1575 0.2419, 0.1575 0.1575 0.0844, 0.2362 0.1575 0.0844, 0.6299 0.1575 0.2419, 0.5512 0.1575 0.2419, 0.5512 0.1575 0.0844, 0.6299 0.1575 0.0844, 0.6299 0.1575 0.0844
            ]
        }
        coordIndex [
            0,1,2,-1,3,0,4,-1,5,6,7,-1,8,9,10,-1,11,12,13,-1,14,15,16,-1,16,15,17,-1,18,19,16,-1,16,19,20,-1,16,20,21,-1,21,22,16,-1,16,22,23,-1,16,23,14,-1,24,25,26,-1,26,25,27,-1,27,25,28,-1,27,28,29,-1,24,26,30,-1,30,26,31,-1,30,31,32,-1,33,34,31,-1,31,34,35,-1,31,35,36,-1,31,37,32,-1,32,37,38,-1,32,38,39,-1,39,38,40,-1,39,40,41,-1,36,42,31,-1,31,42,43,-1,31,43,37,-1,44,45,46,-1,44,46,47,-1,45,48,46,-1,46,48,49,-1,46,49,50,-1,50,49,51,-1,51,52,50,-1,50,52,53,-1,50,53,33,-1,33,53,54,-1,33,54,34,-1,55,47,56,-1,56,47,46,-1,56,46,57,-1,57,46,58,-1,57,58,59,-1,59,58,60,-1,61,62,63,-1,64,65,58,-1,58,65,66,-1,58,66,60,-1,63,67,61,-1,61,67,68,-1,61,68,64,-1,64,68,69,-1,64,69,65,-1,70,71,62,-1,62,71,72,-1,62,72,73,-1,73,74,62,-1,62,74,75,-1,62,75,63,-1,76,77,78,-1,79,80,81,-1,82,83,70,-1,84,85,86,-1,86,85,87,-1,79,81,88,-1,82,70,89,-1,90,91,85,-1,85,91,92,-1,85,92,93,-1,78,77,70,-1,70,77,94,-1,70,94,89,-1,80,95,81,-1,81,95,96,-1,81,96,97,-1,98,99,100,-1,100,99,101,-1,100,101,102,-1,103,93,104,-1,104,93,105,-1,104,105,100,-1,100,105,106,-1,100,106,98,-1,103,107,93,-1,93,107,108,-1,93,108,85,-1,85,108,109,-1,85,109,87,-1,110,111,112,-1,112,111,113,-1,112,113,81,-1,81,113,114,-1,81,114,88,-1,115,116,81,-1,81,116,117,-1,81,117,85,-1,85,117,118,-1,85,118,90,-1,119,120,71,-1,71,120,121,-1,71,121,122,-1,122,123,71,-1,71,123,124,-1,71,124,125,-1,125,124,110,-1,125,110,126,-1,126,110,112,-1,83,127,70,-1,70,127,128,-1,70,128,71,-1,71,128,129,-1,71,129,119,-1,97,130,81,-1,81,130,131,-1,81,131,132,-1,132,133,81,-1,81,133,134,-1,81,134,115,-1,135,136,137,-1,137,93,135,-1,135,93,92,-1,135,92,138,-1,138,92,139,-1,139,140,138,-1,138,140,141,-1,138,141,142,-1,143,144,145,-1,144,146,145,-1,145,146,147,-1,145,147,148,-1,149,145,150,-1,136,135,149,-1,149,135,151,-1,149,151,145,-1,145,151,152,-1,145,152,143,-1,150,153,149,-1,149,153,154,-1,149,154,155,-1,148,147,156,-1,156,147,157,-1,156,157,158,-1,158,157,159,-1,158,159,160,-1,161,162,155,-1,155,162,163,-1,155,163,149,-1,15,164,17,-1,17,164,165,-1,17,165,78,-1,78,165,166,-1,78,166,76,-1,167,168,169,-1,13,12,170,-1,170,12,171,-1,170,171,172,-1,173,174,175,-1,175,174,176,-1,175,176,177,-1,177,176,167,-1,177,167,178,-1,179,180,181,-1,181,180,182,-1,181,182,172,-1,169,168,183,-1,183,168,184,-1,183,184,185,-1,186,187,188,-1,189,190,191,-1,191,190,192,-1,191,192,193,-1,193,192,186,-1,193,186,194,-1,194,186,188,-1,195,196,197,-1,198,199,200,-1,201,202,195,-1,202,203,195,-1,195,203,204,-1,195,204,196,-1,196,204,205,-1,198,200,195,-1,195,200,206,-1,195,206,201,-1,207,208,209,-1,209,208,210,-1,209,210,197,-1,197,210,211,-1,197,211,195,-1,212,213,10,-1,214,215,216,-1,217,218,10,-1,10,218,219,-1,205,220,196,-1,196,220,221,-1,196,221,216,-1,216,221,222,-1,216,222,214,-1,215,223,216,-1,216,223,224,-1,216,224,225,-1,225,224,226,-1,225,226,212,-1,227,228,213,-1,213,228,229,-1,213,229,10,-1,10,229,230,-1,10,230,217,-1,219,231,10,-1,10,231,232,-1,10,232,8,-1,233,234,235,-1,235,234,236,-1,235,236,237,-1,235,238,233,-1,233,238,239,-1,233,239,240,-1,240,241,233,-1,233,241,242,-1,233,242,243,-1,243,242,244,-1,243,244,245,-1,245,244,246,-1,245,246,213,-1,213,246,247,-1,213,247,227,-1,248,249,237,-1,237,249,250,-1,237,250,235,-1,251,252,199,-1,199,252,253,-1,199,253,200,-1,251,254,252,-1,252,254,255,-1,252,255,256,-1,256,255,257,-1,256,258,259,-1,257,260,256,-1,256,260,261,-1,256,261,262,-1,262,263,256,-1,256,263,264,-1,256,264,258,-1,259,265,256,-1,256,265,266,-1,256,266,267,-1,268,269,270,-1,271,272,270,-1,270,272,273,-1,270,273,268,-1,269,268,274,-1,274,268,275,-1,274,275,276,-1,272,277,273,-1,273,277,278,-1,273,278,279,-1,279,278,280,-1,279,280,281,-1,281,280,282,-1,281,282,276,-1,276,282,283,-1,276,283,274,-1,284,285,286,-1,286,285,287,-1,286,287,288,-1,289,290,291,-1,291,290,292,-1,291,292,293,-1,293,292,294,-1,295,296,297,-1,297,296,298,-1,297,298,284,-1,284,298,299,-1,284,299,285,-1,300,301,302,-1,299,290,285,-1,285,290,289,-1,285,289,303,-1,303,289,304,-1,303,304,302,-1,302,304,305,-1,302,305,300,-1,288,287,306,-1,306,287,307,-1,306,307,300,-1,308,309,310,-1,308,310,311,-1,300,307,301,-1,301,307,312,-1,301,312,313,-1,313,312,314,-1,313,314,310,-1,310,314,315,-1,310,315,311,-1,309,316,310,-1,310,316,317,-1,310,317,318,-1,318,319,310,-1,310,319,320,-1,310,320,321,-1,321,322,310,-1,310,322,323,-1,310,323,324,-1,324,323,325,-1,325,323,326,-1,326,323,327,-1,326,327,328,-1,328,329,326,-1,326,329,330,-1,326,330,331,-1,331,330,332,-1,333,334,335,-1,335,334,336,-1,335,336,307,-1,307,336,337,-1,307,337,312,-1,338,339,340,-1,340,341,338,-1,338,341,342,-1,338,342,343,-1,344,345,338,-1,338,345,346,-1,338,346,339,-1,6,347,348,-1,348,347,349,-1,348,349,344,-1,344,349,350,-1,344,350,345,-1,7,351,352,-1,352,353,7,-1,7,353,354,-1,7,354,5,-1,351,7,355,-1,355,7,356,-1,355,356,357,-1,357,356,358,-1,358,356,196,-1,358,196,359,-1,313,360,301,-1,301,360,361,-1,301,361,362,-1,362,361,363,-1,362,363,364,-1,365,366,367,-1,367,366,368,-1,369,370,371,-1,372,373,196,-1,365,374,366,-1,366,374,375,-1,366,375,376,-1,376,375,377,-1,378,379,377,-1,377,379,380,-1,377,380,376,-1,381,382,369,-1,369,382,383,-1,369,383,370,-1,373,384,196,-1,196,384,385,-1,196,385,386,-1,387,388,389,-1,389,388,390,-1,389,390,391,-1,392,393,356,-1,356,393,394,-1,356,394,196,-1,196,394,395,-1,196,395,372,-1,371,396,369,-1,369,396,397,-1,369,397,356,-1,356,397,368,-1,356,368,392,-1,392,368,366,-1,398,399,377,-1,377,399,400,-1,377,400,401,-1,386,402,196,-1,196,402,403,-1,196,403,197,-1,197,403,404,-1,197,404,389,-1,401,405,377,-1,377,405,406,-1,377,406,378,-1,407,408,409,-1,409,408,410,-1,408,411,410,-1,410,411,412,-1,410,412,369,-1,369,412,413,-1,369,413,381,-1,414,415,10,-1,10,415,416,-1,212,10,225,-1,225,10,416,-1,225,416,190,-1,190,416,417,-1,190,417,192,-1,418,415,419,-1,419,415,414,-1,419,414,420,-1,421,422,423,-1,424,425,414,-1,414,425,426,-1,414,426,420,-1,427,428,9,-1,9,428,421,-1,9,421,10,-1,10,421,423,-1,10,423,414,-1,414,423,429,-1,414,429,430,-1,431,432,433,-1,433,432,434,-1,433,434,421,-1,421,434,435,-1,421,435,422,-1,430,436,414,-1,414,436,437,-1,414,437,424,-1,438,439,440,-1,438,440,441,-1,439,442,440,-1,440,442,443,-1,440,443,433,-1,433,443,444,-1,433,444,431,-1,445,446,447,-1,447,446,440,-1,447,440,448,-1,448,440,433,-1,448,433,449,-1,449,433,421,-1,449,421,450,-1,450,421,428,-1,450,428,451,-1,451,428,409,-1,451,409,452,-1,452,409,410,-1,427,207,428,-1,428,207,209,-1,428,209,409,-1,409,209,197,-1,409,197,407,-1,407,197,389,-1,407,389,453,-1,453,389,391,-1,446,169,440,-1,440,169,183,-1,440,183,441,-1,441,183,185,-1,441,185,189,-1,189,185,11,-1,189,11,190,-1,190,11,13,-1,3,4,454,-1,454,4,455,-1,454,455,456,-1,457,458,459,-1,459,458,460,-1,461,462,463,-1,463,462,464,-1,463,464,465,-1,457,78,466,-1,466,78,70,-1,466,70,467,-1,467,70,62,-1,467,62,468,-1,468,62,61,-1,468,61,469,-1,470,471,460,-1,460,471,465,-1,460,465,459,-1,459,465,464,-1,459,464,467,-1,467,464,472,-1,467,472,466,-1,473,169,456,-1,456,169,446,-1,456,446,454,-1,454,446,445,-1,454,445,3,-1,473,474,169,-1,169,474,170,-1,169,170,167,-1,167,170,172,-1,167,172,178,-1,178,172,182,-1,475,476,456,-1,456,476,477,-1,477,478,456,-1,456,478,479,-1,456,479,473,-1,474,480,170,-1,170,480,481,-1,170,481,482,-1,482,481,483,-1,482,483,484,-1,484,485,482,-1,482,485,486,-1,482,486,487,-1,487,488,482,-1,482,488,489,-1,482,489,456,-1,456,489,490,-1,456,490,475,-1,491,492,456,-1,493,494,495,-1,456,492,482,-1,482,492,496,-1,482,496,497,-1,6,348,7,-1,7,348,459,-1,7,459,356,-1,356,459,467,-1,356,467,369,-1,369,467,468,-1,369,468,410,-1,410,468,469,-1,410,469,452,-1,482,268,170,-1,170,268,273,-1,170,273,13,-1,13,273,279,-1,13,279,190,-1,190,279,303,-1,190,303,225,-1,225,303,302,-1,225,302,216,-1,216,302,301,-1,216,301,196,-1,196,301,362,-1,196,362,359,-1,359,362,364,-1,498,499,500,-1,457,459,78,-1,78,459,348,-1,78,348,17,-1,17,348,501,-1,17,501,16,-1,501,502,16,-1,16,502,498,-1,16,498,344,-1,344,498,500,-1,344,500,348,-1,348,500,503,-1,348,503,501,-1,504,505,279,-1,279,505,506,-1,279,506,507,-1,285,508,281,-1,281,508,509,-1,281,509,510,-1,507,511,279,-1,279,511,512,-1,279,512,303,-1,303,512,513,-1,303,513,285,-1,285,513,514,-1,285,514,508,-1,510,515,281,-1,281,515,516,-1,281,516,517,-1,517,518,281,-1,281,518,519,-1,281,519,279,-1,279,519,520,-1,279,520,504,-1,495,491,493,-1,493,491,456,-1,493,456,521,-1,521,456,455,-1,521,455,497,-1,497,455,522,-1,497,522,482,-1,482,522,523,-1,482,523,268,-1,268,523,524,-1,268,524,275,-1,0,2,4,-1,4,2,525,-1,4,525,455,-1,455,525,526,-1,455,526,522,-1,522,526,527,-1,522,527,523,-1,523,527,528,-1,523,528,524,-1,343,529,338,-1,338,529,530,-1,338,530,344,-1,344,530,531,-1,344,531,16,-1,16,531,27,-1,16,27,18,-1,18,27,29,-1,528,532,524,-1,524,532,533,-1,524,533,275,-1,275,533,534,-1,275,534,276,-1,276,534,535,-1,276,535,281,-1,281,535,536,-1,281,536,285,-1,285,536,537,-1,285,537,287,-1,287,537,538,-1,287,538,307,-1,307,538,539,-1,307,539,335,-1,335,539,540,-1,335,540,333,-1,333,540,530,-1,333,530,541,-1,541,530,529,-1,542,543,544,-1,544,543,545,-1,546,547,548,-1,548,547,549,-1,548,549,550,-1,550,549,551,-1,64,552,553,-1,553,552,554,-1,555,1,0,-1,555,0,553,-1,553,0,3,-1,553,3,445,-1,445,447,553,-1,553,447,448,-1,553,448,449,-1,449,450,553,-1,553,450,451,-1,553,451,452,-1,452,469,553,-1,553,469,61,-1,553,61,64,-1,556,557,558,-1,558,557,532,-1,558,532,555,-1,532,528,555,-1,555,528,527,-1,555,527,526,-1,526,525,555,-1,555,525,2,-1,555,2,1,-1,559,560,561,-1,561,560,562,-1,562,560,563,-1,563,560,564,-1,563,564,565,-1,566,567,568,-1,568,567,569,-1,570,571,572,-1,572,571,573,-1,574,575,576,-1,569,567,576,-1,576,567,577,-1,576,577,574,-1,578,579,580,-1,573,571,580,-1,580,571,581,-1,580,581,578,-1,582,583,584,-1,584,583,585,-1,585,583,586,-1,586,583,587,-1,586,587,588,-1,588,587,589,-1,590,591,592,-1,592,591,593,-1,593,594,592,-1,592,594,595,-1,592,595,596,-1,596,595,597,-1,597,598,596,-1,596,598,599,-1,596,599,600,-1,601,602,603,-1,603,602,604,-1,605,606,607,-1,607,606,26,-1,557,608,609,-1,26,27,607,-1,607,27,531,-1,607,531,530,-1,530,540,607,-1,607,540,539,-1,607,539,538,-1,610,611,607,-1,607,611,612,-1,607,612,613,-1,538,537,607,-1,607,537,536,-1,607,536,535,-1,609,614,557,-1,557,614,615,-1,557,615,607,-1,607,615,616,-1,607,616,610,-1,532,557,533,-1,533,557,607,-1,533,607,534,-1,534,607,535,-1,617,618,619,-1,620,606,621,-1,621,606,622,-1,621,622,623,-1,596,619,592,-1,592,619,624,-1,592,624,623,-1,623,624,625,-1,623,625,621,-1,620,626,606,-1,606,626,627,-1,606,627,26,-1,26,627,628,-1,596,552,619,-1,619,552,64,-1,619,64,58,-1,628,629,26,-1,26,629,630,-1,26,630,31,-1,31,630,617,-1,58,46,619,-1,619,46,50,-1,619,50,617,-1,617,50,33,-1,617,33,31,-1,631,622,605,-1,605,622,606,-1,607,632,633,-1,634,631,633,-1,633,631,605,-1,633,605,607,-1,635,623,636,-1,636,623,622,-1,636,622,634,-1,634,622,631,-1,637,638,639,-1,632,604,640,-1,640,590,635,-1,635,590,592,-1,635,592,623,-1,607,613,632,-1,632,613,641,-1,632,641,604,-1,604,641,603,-1,639,642,637,-1,637,642,632,-1,637,632,643,-1,643,632,640,-1,643,640,644,-1,644,640,635,-1,644,635,645,-1,608,557,556,-1,560,559,646,-1,552,596,554,-1,554,596,600,-1,554,600,564,-1,560,646,564,-1,647,648,649,-1,649,648,650,-1,649,650,556,-1,608,556,646,-1,646,556,650,-1,646,650,564,-1,564,650,651,-1,564,651,554,-1,554,651,652,-1,554,652,653,-1,640,604,654,-1,654,604,602,-1,654,602,655,-1,655,602,656,-1,595,594,657,-1,598,597,658,-1,657,659,660,-1,661,662,663,-1,590,640,591,-1,591,640,654,-1,591,654,593,-1,593,654,655,-1,593,655,664,-1,664,655,665,-1,564,600,565,-1,565,600,599,-1,565,599,666,-1,666,599,667,-1,663,668,669,-1,608,646,609,-1,609,646,661,-1,641,613,670,-1,670,613,612,-1,670,612,671,-1,671,612,611,-1,671,611,672,-1,672,673,674,-1,675,676,677,-1,677,676,664,-1,677,664,674,-1,674,664,665,-1,674,665,672,-1,661,663,609,-1,609,663,678,-1,609,678,614,-1,668,663,679,-1,679,663,662,-1,679,662,680,-1,680,662,666,-1,680,666,669,-1,669,666,667,-1,669,667,663,-1,663,667,681,-1,663,681,678,-1,682,683,684,-1,684,683,685,-1,684,685,686,-1,686,685,588,-1,616,615,687,-1,688,689,690,-1,690,689,691,-1,690,691,692,-1,692,691,575,-1,611,610,693,-1,693,694,611,-1,611,694,676,-1,611,676,672,-1,672,676,675,-1,672,675,673,-1,659,657,578,-1,578,657,594,-1,578,594,579,-1,694,695,676,-1,676,695,696,-1,676,696,664,-1,664,696,579,-1,664,579,593,-1,593,579,594,-1,658,686,598,-1,598,686,588,-1,598,588,599,-1,599,588,589,-1,599,589,667,-1,667,589,697,-1,667,697,681,-1,657,692,595,-1,595,692,575,-1,595,575,597,-1,597,575,574,-1,597,574,658,-1,658,574,698,-1,658,698,699,-1,699,700,658,-1,658,700,701,-1,658,701,686,-1,686,701,702,-1,686,702,684,-1,684,702,703,-1,684,703,700,-1,700,703,704,-1,700,704,701,-1,660,705,657,-1,657,705,706,-1,657,706,692,-1,692,706,707,-1,692,707,690,-1,690,707,708,-1,690,708,705,-1,705,708,709,-1,705,709,706,-1,699,687,700,-1,700,687,615,-1,700,615,684,-1,684,615,614,-1,684,614,682,-1,682,614,678,-1,660,693,705,-1,705,693,610,-1,705,610,690,-1,690,610,616,-1,690,616,688,-1,688,616,687,-1,586,588,685,-1,586,685,710,-1,710,685,683,-1,710,683,682,-1,711,687,699,-1,711,699,577,-1,577,699,698,-1,577,698,574,-1,585,586,584,-1,584,586,710,-1,577,567,711,-1,711,567,566,-1,580,579,696,-1,580,696,712,-1,712,696,695,-1,712,695,694,-1,713,671,672,-1,713,672,656,-1,656,672,665,-1,656,665,655,-1,576,575,691,-1,576,691,714,-1,714,691,689,-1,714,689,688,-1,715,693,660,-1,715,660,581,-1,581,660,659,-1,581,659,578,-1,563,565,666,-1,563,666,716,-1,716,666,662,-1,716,662,661,-1,717,678,681,-1,717,681,587,-1,587,681,697,-1,587,697,589,-1,562,563,561,-1,561,563,716,-1,587,583,717,-1,717,583,582,-1,569,576,568,-1,568,576,714,-1,581,571,715,-1,715,571,570,-1,573,580,572,-1,572,580,712,-1,656,602,713,-1,713,602,601,-1,633,718,634,-1,634,718,636,-1,719,645,635,-1,718,642,639,-1,639,720,718,-1,718,720,719,-1,718,719,636,-1,636,719,635,-1,718,633,642,-1,642,633,632,-1,647,649,721,-1,721,649,722,-1,721,722,723,-1,723,722,553,-1,723,553,653,-1,653,553,554,-1,722,558,553,-1,553,558,555,-1,558,722,556,-1,556,722,649,-1,724,725,726,-1,724,726,727,-1,727,726,728,-1,727,728,729,-1,730,731,732,-1,545,733,544,-1,544,733,734,-1,544,734,732,-1,732,734,735,-1,732,735,730,-1,732,731,736,-1,736,731,737,-1,738,729,728,-1,546,739,547,-1,547,739,740,-1,547,740,728,-1,728,740,741,-1,728,741,738,-1,737,731,730,-1,651,650,551,-1,551,650,737,-1,737,730,551,-1,551,730,742,-1,551,742,550,-1,550,742,743,-1,550,743,548,-1,744,745,746,-1,747,724,746,-1,746,724,727,-1,746,727,744,-1,745,744,748,-1,748,744,749,-1,748,749,747,-1,637,643,725,-1,543,750,545,-1,545,750,751,-1,545,751,733,-1,733,751,752,-1,733,752,749,-1,749,752,753,-1,749,753,750,-1,747,749,724,-1,724,749,750,-1,724,750,725,-1,725,750,543,-1,725,543,637,-1,546,548,739,-1,739,548,743,-1,739,743,740,-1,740,743,754,-1,740,754,741,-1,741,754,755,-1,741,755,738,-1,738,755,744,-1,738,744,729,-1,729,744,727,-1,756,757,758,-1,758,757,749,-1,758,749,759,-1,759,749,744,-1,759,744,760,-1,760,744,755,-1,760,755,756,-1,756,755,757,-1,761,762,763,-1,763,762,757,-1,763,757,764,-1,764,757,755,-1,764,755,765,-1,765,755,754,-1,765,754,761,-1,761,754,762,-1,766,742,767,-1,767,742,762,-1,767,762,768,-1,768,762,754,-1,768,754,769,-1,769,754,743,-1,769,743,766,-1,766,743,742,-1,770,734,771,-1,771,734,733,-1,771,733,772,-1,772,733,749,-1,772,749,773,-1,773,749,757,-1,773,757,770,-1,770,757,734,-1,774,735,775,-1,775,735,734,-1,775,734,776,-1,776,734,757,-1,776,757,777,-1,777,757,762,-1,777,762,774,-1,774,762,735,-1,778,730,779,-1,779,730,735,-1,779,735,780,-1,780,735,762,-1,780,762,781,-1,781,762,742,-1,781,742,778,-1,778,742,730,-1,652,651,549,-1,549,651,551,-1,736,737,648,-1,648,737,650,-1,638,637,542,-1,542,637,543,-1,726,725,644,-1,644,725,643,-1,630,721,617,-1,617,721,723,-1,721,630,647,-1,647,630,629,-1,647,629,648,-1,648,629,736,-1,652,549,653,-1,653,549,618,-1,653,618,723,-1,723,618,617,-1,628,732,629,-1,629,732,736,-1,547,619,549,-1,549,619,618,-1,627,544,628,-1,628,544,732,-1,728,624,547,-1,547,624,619,-1,626,542,627,-1,627,542,544,-1,726,625,728,-1,728,625,624,-1,638,542,639,-1,639,542,626,-1,639,626,720,-1,720,626,620,-1,719,621,645,-1,645,621,625,-1,645,625,644,-1,644,625,726,-1,621,719,620,-1,620,719,720,-1,
        ]
    }
}
Shape{
    appearance Appearance {
        material  Material 	{
            diffuseColor 0.7529411764705882 0.7529411764705882 0.7529411764705882
            specularColor 0.3764705882352941 0.3764705882352941 0.3764705882352941
            ambientIntensity 0.2
            transparency 0
            shininess 0.5
        }
    }
    geometry IndexedFaceSet {
        ccw TRUE
        solid FALSE
        coord DEF co Coordinate {
            point [
                -0.1861 -0.5827 0.1131, -0.1861 -0.5827 0.2133, -0.2076 -0.5827 0.1131, -0.2076 -0.5827 0.2133, -0.1575 -0.5039 0.0844, -0.1575 0.1575 0.0844, -0.1575 -0.5039 0.2419, -0.1575 0.1575 0.2419, -0.2362 -0.5039 0.2419, -0.2362 0.1575 0.2419, -0.2362 -0.5039 0.0844, -0.2362 0.1575 0.0844, -0.2362 0.1374 -0.1123, -0.2362 0.1374 -0.2909, -0.1575 0.1374 -0.1123, -0.1575 0.1374 -0.2909, -0.2362 0.1575 -0.2909, -0.2362 0.1575 -0.1123, -0.1575 0.1575 -0.1123, -0.1575 0.1575 -0.2909, -0.2362 0.5118 0.3887, -0.1575 0.5118 0.3887, -0.1575 0.5258 0.3968, -0.2362 0.5258 0.3968, -0.1575 0.5412 0.4018, -0.2362 0.5412 0.4018, -0.1575 0.5573 0.4035, -0.2362 0.5573 0.4035, -0.1575 0.6816 -0.6159, -0.1575 0.5118 -0.3162, -0.2362 0.6816 -0.6159, -0.2362 0.5118 -0.3162, -0.2362 0.6378 -0.3573, -0.2362 0.6403 -0.3769, -0.2362 0.6478 -0.3952, -0.2362 0.717 -0.5174, -0.2362 0.7219 -0.5242, -0.2362 0.728 -0.5298, -0.2362 0.6864 -0.6226, -0.2362 0.7352 -0.5339, -0.2362 0.743 -0.5365, -0.2362 0.6997 -0.6324, -0.2362 0.6926 -0.6282, -0.2362 0.6153 0.381, -0.2362 0.6275 0.3651, -0.2362 0.6352 0.3465, -0.2362 0.9843 -0.5965, -0.2362 0.7513 -0.5374, -0.2362 0.9843 -0.5768, -0.2362 0.9449 -0.5374, -0.2362 0.5608 0.4035, -0.2362 0.6378 0.3266, -0.2362 0.5808 0.4009, -0.2362 0.5993 0.3932, -0.2362 0.9646 -0.6306, -0.2362 0.9551 -0.6345, -0.2362 0.9449 -0.6358, -0.2362 0.7159 -0.6358, -0.2362 0.7076 -0.635, -0.2362 0.9727 -0.6243, -0.2362 0.9829 -0.6066, -0.2362 0.979 -0.6161, -0.2362 0.9646 -0.5427, -0.2362 0.9727 -0.5489, -0.2362 0.9551 -0.5387, -0.2362 0.979 -0.5571, -0.2362 0.9829 -0.5666, -0.1575 0.7076 -0.635, -0.1575 0.7159 -0.6358, -0.1575 0.743 -0.5365, -0.1575 0.7513 -0.5374, -0.1575 0.6478 -0.3952, -0.1575 0.717 -0.5174, -0.1575 0.7219 -0.5242, -0.1575 0.6378 -0.3573, -0.1575 0.6403 -0.3769, -0.1575 0.728 -0.5298, -0.1575 0.6864 -0.6226, -0.1575 0.7352 -0.5339, -0.1575 0.6926 -0.6282, -0.1575 0.6997 -0.6324, -0.1575 0.9449 -0.5374, -0.1575 0.9843 -0.5768, -0.1575 0.9843 -0.5965, -0.1575 0.6352 0.3465, -0.1575 0.6275 0.3651, -0.1575 0.6153 0.381, -0.1575 0.9449 -0.6358, -0.1575 0.9551 -0.6345, -0.1575 0.5993 0.3932, -0.1575 0.5808 0.4009, -0.1575 0.6378 0.3266, -0.1575 0.5608 0.4035, -0.1575 0.9646 -0.6306, -0.1575 0.9727 -0.6243, -0.1575 0.9829 -0.6066, -0.1575 0.979 -0.6161, -0.1575 0.9829 -0.5666, -0.1575 0.979 -0.5571, -0.1575 0.9551 -0.5387, -0.1575 0.9727 -0.5489, -0.1575 0.9646 -0.5427, -0.5798 -0.5827 0.1131, -0.5798 -0.5827 0.2133, -0.6013 -0.5827 0.1131, -0.6013 -0.5827 0.2133, -0.5512 -0.5039 0.0844, -0.5512 0.1575 0.0844, -0.5512 -0.5039 0.2419, -0.5512 0.1575 0.2419, -0.6299 -0.5039 0.2419, -0.6299 0.1575 0.2419, -0.6299 -0.5039 0.0844, -0.6299 0.1575 0.0844, -0.6299 0.1374 -0.1123, -0.6299 0.1374 -0.2909, -0.5512 0.1374 -0.1123, -0.5512 0.1374 -0.2909, -0.6299 0.1575 -0.2909, -0.6299 0.1575 -0.1123, -0.5512 0.1575 -0.1123, -0.5512 0.1575 -0.2909, -0.6299 0.5118 0.3887, -0.5512 0.5118 0.3887, -0.5512 0.5258 0.3968, -0.6299 0.5258 0.3968, -0.5512 0.5412 0.4018, -0.6299 0.5412 0.4018, -0.5512 0.5573 0.4035, -0.6299 0.5573 0.4035, -0.5512 0.6816 -0.6159, -0.5512 0.5118 -0.3162, -0.6299 0.6816 -0.6159, -0.6299 0.5118 -0.3162, -0.6299 0.6378 -0.3573, -0.6299 0.6403 -0.3769, -0.6299 0.6478 -0.3952, -0.6299 0.717 -0.5174, -0.6299 0.7219 -0.5242, -0.6299 0.728 -0.5298, -0.6299 0.6864 -0.6226, -0.6299 0.7352 -0.5339, -0.6299 0.743 -0.5365, -0.6299 0.6997 -0.6324, -0.6299 0.6926 -0.6282, -0.6299 0.6153 0.381, -0.6299 0.6275 0.3651, -0.6299 0.6352 0.3465, -0.6299 0.9843 -0.5965, -0.6299 0.7513 -0.5374, -0.6299 0.9843 -0.5768, -0.6299 0.9449 -0.5374, -0.6299 0.5608 0.4035, -0.6299 0.6378 0.3266, -0.6299 0.5808 0.4009, -0.6299 0.5993 0.3932, -0.6299 0.9646 -0.6306, -0.6299 0.9551 -0.6345, -0.6299 0.9449 -0.6358, -0.6299 0.7159 -0.6358, -0.6299 0.7076 -0.635, -0.6299 0.9727 -0.6243, -0.6299 0.9829 -0.6066, -0.6299 0.979 -0.6161, -0.6299 0.9646 -0.5427, -0.6299 0.9727 -0.5489, -0.6299 0.9551 -0.5387, -0.6299 0.979 -0.5571, -0.6299 0.9829 -0.5666, -0.5512 0.7076 -0.635, -0.5512 0.7159 -0.6358, -0.5512 0.743 -0.5365, -0.5512 0.7513 -0.5374, -0.5512 0.6478 -0.3952, -0.5512 0.717 -0.5174, -0.5512 0.7219 -0.5242, -0.5512 0.6378 -0.3573, -0.5512 0.6403 -0.3769, -0.5512 0.728 -0.5298, -0.5512 0.6864 -0.6226, -0.5512 0.7352 -0.5339, -0.5512 0.6926 -0.6282, -0.5512 0.6997 -0.6324, -0.5512 0.9449 -0.5374, -0.5512 0.9843 -0.5768, -0.5512 0.9843 -0.5965, -0.5512 0.6352 0.3465, -0.5512 0.6275 0.3651, -0.5512 0.6153 0.381, -0.5512 0.9449 -0.6358, -0.5512 0.9551 -0.6345, -0.5512 0.5993 0.3932, -0.5512 0.5808 0.4009, -0.5512 0.6378 0.3266, -0.5512 0.5608 0.4035, -0.5512 0.9646 -0.6306, -0.5512 0.9727 -0.6243, -0.5512 0.9829 -0.6066, -0.5512 0.979 -0.6161, -0.5512 0.9829 -0.5666, -0.5512 0.979 -0.5571, -0.5512 0.9551 -0.5387, -0.5512 0.9727 -0.5489, -0.5512 0.9646 -0.5427, 0.2076 -0.5827 0.1131, 0.2076 -0.5827 0.2133, 0.1861 -0.5827 0.1131, 0.1861 -0.5827 0.2133, 0.2362 -0.5039 0.0844, 0.2362 0.1575 0.0844, 0.2362 -0.5039 0.2419, 0.2362 0.1575 0.2419, 0.1575 -0.5039 0.2419, 0.1575 0.1575 0.2419, 0.1575 -0.5039 0.0844, 0.1575 0.1575 0.0844, 0.1575 0.1374 -0.1123, 0.1575 0.1374 -0.2909, 0.2362 0.1374 -0.1123, 0.2362 0.1374 -0.2909, 0.1575 0.1575 -0.2909, 0.1575 0.1575 -0.1123, 0.2362 0.1575 -0.1123, 0.2362 0.1575 -0.2909, 0.1575 0.5118 0.3887, 0.2362 0.5118 0.3887, 0.2362 0.5258 0.3968, 0.1575 0.5258 0.3968, 0.2362 0.5412 0.4018, 0.1575 0.5412 0.4018, 0.2362 0.5573 0.4035, 0.1575 0.5573 0.4035, 0.2362 0.6816 -0.6159, 0.2362 0.5118 -0.3162, 0.1575 0.6816 -0.6159, 0.1575 0.5118 -0.3162, 0.1575 0.6378 -0.3573, 0.1575 0.6403 -0.3769, 0.1575 0.6478 -0.3952, 0.1575 0.717 -0.5174, 0.1575 0.7219 -0.5242, 0.1575 0.728 -0.5298, 0.1575 0.6864 -0.6226, 0.1575 0.7352 -0.5339, 0.1575 0.743 -0.5365, 0.1575 0.6997 -0.6324, 0.1575 0.6926 -0.6282, 0.1575 0.6153 0.381, 0.1575 0.6275 0.3651, 0.1575 0.6352 0.3465, 0.1575 0.9843 -0.5965, 0.1575 0.7513 -0.5374, 0.1575 0.9843 -0.5768, 0.1575 0.9449 -0.5374, 0.1575 0.5608 0.4035, 0.1575 0.6378 0.3266, 0.1575 0.5808 0.4009, 0.1575 0.5993 0.3932, 0.1575 0.9646 -0.6306, 0.1575 0.9551 -0.6345, 0.1575 0.9449 -0.6358, 0.1575 0.7159 -0.6358, 0.1575 0.7076 -0.635, 0.1575 0.9727 -0.6243, 0.1575 0.9829 -0.6066, 0.1575 0.979 -0.6161, 0.1575 0.9646 -0.5427, 0.1575 0.9727 -0.5489, 0.1575 0.9551 -0.5387, 0.1575 0.979 -0.5571, 0.1575 0.9829 -0.5666, 0.2362 0.7076 -0.635, 0.2362 0.7159 -0.6358, 0.2362 0.743 -0.5365, 0.2362 0.7513 -0.5374, 0.2362 0.6478 -0.3952, 0.2362 0.717 -0.5174, 0.2362 0.7219 -0.5242, 0.2362 0.6378 -0.3573, 0.2362 0.6403 -0.3769, 0.2362 0.728 -0.5298, 0.2362 0.6864 -0.6226, 0.2362 0.7352 -0.5339, 0.2362 0.6926 -0.6282, 0.2362 0.6997 -0.6324, 0.2362 0.9449 -0.5374, 0.2362 0.9843 -0.5768, 0.2362 0.9843 -0.5965, 0.2362 0.6352 0.3465, 0.2362 0.6275 0.3651, 0.2362 0.6153 0.381, 0.2362 0.9449 -0.6358, 0.2362 0.9551 -0.6345, 0.2362 0.5993 0.3932, 0.2362 0.5808 0.4009, 0.2362 0.6378 0.3266, 0.2362 0.5608 0.4035, 0.2362 0.9646 -0.6306, 0.2362 0.9727 -0.6243, 0.2362 0.9829 -0.6066, 0.2362 0.979 -0.6161, 0.2362 0.9829 -0.5666, 0.2362 0.979 -0.5571, 0.2362 0.9551 -0.5387, 0.2362 0.9727 -0.5489, 0.2362 0.9646 -0.5427, 0.6013 -0.5827 0.1131, 0.6013 -0.5827 0.2133, 0.5798 -0.5827 0.1131, 0.5798 -0.5827 0.2133, 0.6299 -0.5039 0.0844, 0.6299 0.1575 0.0844, 0.6299 -0.5039 0.2419, 0.6299 0.1575 0.2419, 0.5512 -0.5039 0.2419, 0.5512 0.1575 0.2419, 0.5512 -0.5039 0.0844, 0.5512 0.1575 0.0844, 0.5512 0.1374 -0.1123, 0.5512 0.1374 -0.2909, 0.6299 0.1374 -0.1123, 0.6299 0.1374 -0.2909, 0.5512 0.1575 -0.2909, 0.5512 0.1575 -0.1123, 0.6299 0.1575 -0.1123, 0.6299 0.1575 -0.2909, 0.5512 0.5118 0.3887, 0.6299 0.5118 0.3887, 0.6299 0.5258 0.3968, 0.5512 0.5258 0.3968, 0.6299 0.5412 0.4018, 0.5512 0.5412 0.4018, 0.6299 0.5573 0.4035, 0.5512 0.5573 0.4035, 0.6299 0.6816 -0.6159, 0.6299 0.5118 -0.3162, 0.5512 0.6816 -0.6159, 0.5512 0.5118 -0.3162, 0.5512 0.6378 -0.3573, 0.5512 0.6403 -0.3769, 0.5512 0.6478 -0.3952, 0.5512 0.717 -0.5174, 0.5512 0.7219 -0.5242, 0.5512 0.728 -0.5298, 0.5512 0.6864 -0.6226, 0.5512 0.7352 -0.5339, 0.5512 0.743 -0.5365, 0.5512 0.6997 -0.6324, 0.5512 0.6926 -0.6282, 0.5512 0.6153 0.381, 0.5512 0.6275 0.3651, 0.5512 0.6352 0.3465, 0.5512 0.9843 -0.5965, 0.5512 0.7513 -0.5374, 0.5512 0.9843 -0.5768, 0.5512 0.9449 -0.5374, 0.5512 0.5608 0.4035, 0.5512 0.6378 0.3266, 0.5512 0.5808 0.4009, 0.5512 0.5993 0.3932, 0.5512 0.9646 -0.6306, 0.5512 0.9551 -0.6345, 0.5512 0.9449 -0.6358, 0.5512 0.7159 -0.6358, 0.5512 0.7076 -0.635, 0.5512 0.9727 -0.6243, 0.5512 0.9829 -0.6066, 0.5512 0.979 -0.6161, 0.5512 0.9646 -0.5427, 0.5512 0.9727 -0.5489, 0.5512 0.9551 -0.5387, 0.5512 0.979 -0.5571, 0.5512 0.9829 -0.5666, 0.6299 0.7076 -0.635, 0.6299 0.7159 -0.6358, 0.6299 0.743 -0.5365, 0.6299 0.7513 -0.5374, 0.6299 0.6478 -0.3952, 0.6299 0.717 -0.5174, 0.6299 0.7219 -0.5242, 0.6299 0.6378 -0.3573, 0.6299 0.6403 -0.3769, 0.6299 0.728 -0.5298, 0.6299 0.6864 -0.6226, 0.6299 0.7352 -0.5339, 0.6299 0.6926 -0.6282, 0.6299 0.6997 -0.6324, 0.6299 0.9449 -0.5374, 0.6299 0.9843 -0.5768, 0.6299 0.9843 -0.5965, 0.6299 0.6352 0.3465, 0.6299 0.6275 0.3651, 0.6299 0.6153 0.381, 0.6299 0.9449 -0.6358, 0.6299 0.9551 -0.6345, 0.6299 0.5993 0.3932, 0.6299 0.5808 0.4009, 0.6299 0.6378 0.3266, 0.6299 0.5608 0.4035, 0.6299 0.9646 -0.6306, 0.6299 0.9727 -0.6243, 0.6299 0.9829 -0.6066, 0.6299 0.979 -0.6161, 0.6299 0.9829 -0.5666, 0.6299 0.979 -0.5571, 0.6299 0.9551 -0.5387, 0.6299 0.9727 -0.5489, 0.6299 0.9646 -0.5427, 0.6299 0.9646 -0.5427
            ]
        }
        coordIndex [
            0,1,2,-1,2,1,3,-1,4,5,6,-1,6,5,7,-1,8,9,10,-1,10,9,11,-1,10,11,4,-1,4,11,5,-1,6,7,8,-1,8,7,9,-1,12,13,14,-1,14,13,15,-1,13,12,16,-1,16,12,17,-1,18,14,19,-1,19,14,15,-1,17,12,18,-1,18,12,14,-1,19,15,16,-1,16,15,13,-1,20,21,22,-1,20,22,23,-1,23,22,24,-1,23,24,25,-1,25,24,26,-1,25,26,27,-1,28,29,30,-1,30,29,31,-1,31,20,32,-1,32,20,23,-1,32,23,25,-1,32,33,31,-1,31,33,34,-1,31,34,30,-1,30,34,35,-1,35,36,30,-1,30,36,37,-1,30,37,38,-1,38,37,39,-1,40,41,39,-1,39,41,42,-1,39,42,38,-1,43,44,45,-1,46,47,48,-1,48,47,49,-1,25,27,32,-1,32,27,50,-1,32,50,51,-1,51,50,52,-1,51,52,45,-1,45,52,53,-1,45,53,43,-1,54,55,46,-1,46,55,56,-1,46,56,47,-1,47,56,57,-1,47,57,40,-1,40,57,58,-1,40,58,41,-1,54,46,59,-1,59,46,60,-1,59,60,61,-1,62,63,64,-1,64,63,65,-1,64,65,49,-1,49,65,66,-1,49,66,48,-1,22,21,29,-1,67,68,69,-1,69,68,70,-1,71,29,72,-1,72,29,28,-1,72,28,73,-1,24,22,74,-1,74,22,29,-1,74,29,75,-1,75,29,71,-1,73,28,76,-1,76,28,77,-1,76,77,78,-1,78,77,79,-1,78,79,69,-1,69,79,80,-1,69,80,67,-1,81,70,82,-1,82,70,83,-1,84,85,86,-1,70,68,83,-1,83,68,87,-1,83,87,88,-1,86,89,84,-1,84,89,90,-1,84,90,91,-1,91,90,92,-1,91,92,74,-1,74,92,26,-1,74,26,24,-1,88,93,83,-1,83,93,94,-1,83,94,95,-1,95,94,96,-1,82,97,81,-1,81,97,98,-1,81,98,99,-1,99,98,100,-1,99,100,101,-1,50,27,92,-1,92,27,26,-1,50,92,90,-1,50,90,52,-1,52,90,89,-1,52,89,53,-1,53,89,86,-1,53,86,43,-1,43,86,85,-1,43,85,44,-1,44,85,84,-1,44,84,45,-1,45,84,91,-1,45,91,51,-1,32,51,74,-1,74,51,91,-1,32,74,33,-1,33,74,75,-1,33,75,34,-1,34,75,71,-1,35,34,72,-1,72,34,71,-1,70,81,47,-1,47,81,49,-1,46,48,83,-1,83,48,82,-1,57,56,68,-1,68,56,87,-1,70,47,69,-1,69,47,40,-1,69,40,78,-1,78,40,39,-1,78,39,76,-1,76,39,37,-1,76,37,73,-1,73,37,36,-1,73,36,72,-1,72,36,35,-1,57,68,67,-1,57,67,58,-1,58,67,80,-1,58,80,41,-1,41,80,79,-1,41,79,42,-1,42,79,77,-1,42,77,38,-1,38,77,28,-1,38,28,30,-1,46,83,95,-1,46,95,60,-1,60,95,96,-1,60,96,61,-1,61,96,94,-1,61,94,59,-1,59,94,93,-1,59,93,54,-1,54,93,88,-1,54,88,55,-1,55,88,87,-1,55,87,56,-1,49,81,99,-1,49,99,64,-1,64,99,101,-1,64,101,62,-1,62,101,100,-1,62,100,63,-1,63,100,98,-1,63,98,65,-1,65,98,97,-1,65,97,66,-1,66,97,82,-1,66,82,48,-1,8,3,6,-1,6,3,1,-1,10,2,8,-1,8,2,3,-1,0,4,1,-1,1,4,6,-1,4,0,10,-1,10,0,2,-1,102,103,104,-1,104,103,105,-1,106,107,108,-1,108,107,109,-1,110,111,112,-1,112,111,113,-1,112,113,106,-1,106,113,107,-1,108,109,110,-1,110,109,111,-1,114,115,116,-1,116,115,117,-1,115,114,118,-1,118,114,119,-1,120,116,121,-1,121,116,117,-1,119,114,120,-1,120,114,116,-1,121,117,118,-1,118,117,115,-1,122,123,124,-1,122,124,125,-1,125,124,126,-1,125,126,127,-1,127,126,128,-1,127,128,129,-1,130,131,132,-1,132,131,133,-1,133,122,134,-1,134,122,125,-1,134,125,127,-1,134,135,133,-1,133,135,136,-1,133,136,132,-1,132,136,137,-1,137,138,132,-1,132,138,139,-1,132,139,140,-1,140,139,141,-1,142,143,141,-1,141,143,144,-1,141,144,140,-1,145,146,147,-1,148,149,150,-1,150,149,151,-1,127,129,134,-1,134,129,152,-1,134,152,153,-1,153,152,154,-1,153,154,147,-1,147,154,155,-1,147,155,145,-1,156,157,148,-1,148,157,158,-1,148,158,149,-1,149,158,159,-1,149,159,142,-1,142,159,160,-1,142,160,143,-1,156,148,161,-1,161,148,162,-1,161,162,163,-1,164,165,166,-1,166,165,167,-1,166,167,151,-1,151,167,168,-1,151,168,150,-1,124,123,131,-1,169,170,171,-1,171,170,172,-1,173,131,174,-1,174,131,130,-1,174,130,175,-1,126,124,176,-1,176,124,131,-1,176,131,177,-1,177,131,173,-1,175,130,178,-1,178,130,179,-1,178,179,180,-1,180,179,181,-1,180,181,171,-1,171,181,182,-1,171,182,169,-1,183,172,184,-1,184,172,185,-1,186,187,188,-1,172,170,185,-1,185,170,189,-1,185,189,190,-1,188,191,186,-1,186,191,192,-1,186,192,193,-1,193,192,194,-1,193,194,176,-1,176,194,128,-1,176,128,126,-1,190,195,185,-1,185,195,196,-1,185,196,197,-1,197,196,198,-1,184,199,183,-1,183,199,200,-1,183,200,201,-1,201,200,202,-1,201,202,203,-1,152,129,194,-1,194,129,128,-1,152,194,192,-1,152,192,154,-1,154,192,191,-1,154,191,155,-1,155,191,188,-1,155,188,145,-1,145,188,187,-1,145,187,146,-1,146,187,186,-1,146,186,147,-1,147,186,193,-1,147,193,153,-1,134,153,176,-1,176,153,193,-1,134,176,135,-1,135,176,177,-1,135,177,136,-1,136,177,173,-1,137,136,174,-1,174,136,173,-1,172,183,149,-1,149,183,151,-1,148,150,185,-1,185,150,184,-1,159,158,170,-1,170,158,189,-1,204,205,206,-1,206,205,207,-1,208,209,210,-1,210,209,211,-1,212,213,214,-1,214,213,215,-1,214,215,208,-1,208,215,209,-1,210,211,212,-1,212,211,213,-1,216,217,218,-1,218,217,219,-1,217,216,220,-1,220,216,221,-1,222,218,223,-1,223,218,219,-1,221,216,222,-1,222,216,218,-1,223,219,220,-1,220,219,217,-1,224,225,226,-1,224,226,227,-1,227,226,228,-1,227,228,229,-1,229,228,230,-1,229,230,231,-1,232,233,234,-1,234,233,235,-1,235,224,236,-1,236,224,227,-1,236,227,229,-1,236,237,235,-1,235,237,238,-1,235,238,234,-1,234,238,239,-1,239,240,234,-1,234,240,241,-1,234,241,242,-1,242,241,243,-1,244,245,243,-1,243,245,246,-1,243,246,242,-1,247,248,249,-1,250,251,252,-1,252,251,253,-1,229,231,236,-1,236,231,254,-1,236,254,255,-1,255,254,256,-1,255,256,249,-1,249,256,257,-1,249,257,247,-1,258,259,250,-1,250,259,260,-1,250,260,251,-1,251,260,261,-1,251,261,244,-1,244,261,262,-1,244,262,245,-1,258,250,263,-1,263,250,264,-1,263,264,265,-1,266,267,268,-1,268,267,269,-1,268,269,253,-1,253,269,270,-1,253,270,252,-1,226,225,233,-1,271,272,273,-1,273,272,274,-1,275,233,276,-1,276,233,232,-1,276,232,277,-1,228,226,278,-1,278,226,233,-1,278,233,279,-1,279,233,275,-1,277,232,280,-1,280,232,281,-1,280,281,282,-1,282,281,283,-1,282,283,273,-1,273,283,284,-1,273,284,271,-1,285,274,286,-1,286,274,287,-1,288,289,290,-1,274,272,287,-1,287,272,291,-1,287,291,292,-1,290,293,288,-1,288,293,294,-1,288,294,295,-1,295,294,296,-1,295,296,278,-1,278,296,230,-1,278,230,228,-1,292,297,287,-1,287,297,298,-1,287,298,299,-1,299,298,300,-1,286,301,285,-1,285,301,302,-1,285,302,303,-1,303,302,304,-1,303,304,305,-1,254,231,296,-1,296,231,230,-1,254,296,294,-1,254,294,256,-1,256,294,293,-1,256,293,257,-1,257,293,290,-1,257,290,247,-1,247,290,289,-1,247,289,248,-1,248,289,288,-1,248,288,249,-1,249,288,295,-1,249,295,255,-1,236,255,278,-1,278,255,295,-1,236,278,237,-1,237,278,279,-1,237,279,238,-1,238,279,275,-1,239,238,276,-1,276,238,275,-1,274,285,251,-1,251,285,253,-1,250,252,287,-1,287,252,286,-1,261,260,272,-1,272,260,291,-1,306,307,308,-1,308,307,309,-1,310,311,312,-1,312,311,313,-1,314,315,316,-1,316,315,317,-1,316,317,310,-1,310,317,311,-1,312,313,314,-1,314,313,315,-1,318,319,320,-1,320,319,321,-1,319,318,322,-1,322,318,323,-1,324,320,325,-1,325,320,321,-1,323,318,324,-1,324,318,320,-1,325,321,322,-1,322,321,319,-1,326,327,328,-1,326,328,329,-1,329,328,330,-1,329,330,331,-1,331,330,332,-1,331,332,333,-1,334,335,336,-1,336,335,337,-1,337,326,338,-1,338,326,329,-1,338,329,331,-1,338,339,337,-1,337,339,340,-1,337,340,336,-1,336,340,341,-1,341,342,336,-1,336,342,343,-1,336,343,344,-1,344,343,345,-1,346,347,345,-1,345,347,348,-1,345,348,344,-1,349,350,351,-1,352,353,354,-1,354,353,355,-1,331,333,338,-1,338,333,356,-1,338,356,357,-1,357,356,358,-1,357,358,351,-1,351,358,359,-1,351,359,349,-1,360,361,352,-1,352,361,362,-1,352,362,353,-1,353,362,363,-1,353,363,346,-1,346,363,364,-1,346,364,347,-1,360,352,365,-1,365,352,366,-1,365,366,367,-1,368,369,370,-1,370,369,371,-1,370,371,355,-1,355,371,372,-1,355,372,354,-1,328,327,335,-1,373,374,375,-1,375,374,376,-1,377,335,378,-1,378,335,334,-1,378,334,379,-1,330,328,380,-1,380,328,335,-1,380,335,381,-1,381,335,377,-1,379,334,382,-1,382,334,383,-1,382,383,384,-1,384,383,385,-1,384,385,375,-1,375,385,386,-1,375,386,373,-1,387,376,388,-1,388,376,389,-1,390,391,392,-1,376,374,389,-1,389,374,393,-1,389,393,394,-1,392,395,390,-1,390,395,396,-1,390,396,397,-1,397,396,398,-1,397,398,380,-1,380,398,332,-1,380,332,330,-1,394,399,389,-1,389,399,400,-1,389,400,401,-1,401,400,402,-1,388,403,387,-1,387,403,404,-1,387,404,405,-1,405,404,406,-1,405,406,407,-1,356,333,398,-1,398,333,332,-1,356,398,396,-1,356,396,358,-1,358,396,395,-1,358,395,359,-1,359,395,392,-1,359,392,349,-1,349,392,391,-1,349,391,350,-1,350,391,390,-1,350,390,351,-1,351,390,397,-1,351,397,357,-1,338,357,380,-1,380,357,397,-1,338,380,339,-1,339,380,381,-1,339,381,340,-1,340,381,377,-1,341,340,378,-1,378,340,377,-1,376,387,353,-1,353,387,355,-1,352,354,389,-1,389,354,388,-1,363,362,374,-1,374,362,393,-1,172,149,171,-1,171,149,142,-1,171,142,180,-1,180,142,141,-1,180,141,178,-1,178,141,139,-1,178,139,175,-1,175,139,138,-1,175,138,174,-1,174,138,137,-1,159,170,169,-1,159,169,160,-1,160,169,182,-1,160,182,143,-1,143,182,181,-1,143,181,144,-1,144,181,179,-1,144,179,140,-1,140,179,130,-1,140,130,132,-1,148,185,197,-1,148,197,162,-1,162,197,198,-1,162,198,163,-1,163,198,196,-1,163,196,161,-1,161,196,195,-1,161,195,156,-1,156,195,190,-1,156,190,157,-1,157,190,189,-1,157,189,158,-1,151,183,201,-1,151,201,166,-1,166,201,203,-1,166,203,164,-1,164,203,202,-1,164,202,165,-1,165,202,200,-1,165,200,167,-1,167,200,199,-1,167,199,168,-1,168,199,184,-1,168,184,150,-1,274,251,273,-1,273,251,244,-1,273,244,282,-1,282,244,243,-1,282,243,280,-1,280,243,241,-1,280,241,277,-1,277,241,240,-1,277,240,276,-1,276,240,239,-1,261,272,271,-1,261,271,262,-1,262,271,284,-1,262,284,245,-1,245,284,283,-1,245,283,246,-1,246,283,281,-1,246,281,242,-1,242,281,232,-1,242,232,234,-1,250,287,299,-1,250,299,264,-1,264,299,300,-1,264,300,265,-1,265,300,298,-1,265,298,263,-1,263,298,297,-1,263,297,258,-1,258,297,292,-1,258,292,259,-1,259,292,291,-1,259,291,260,-1,253,285,303,-1,253,303,268,-1,268,303,305,-1,268,305,266,-1,266,305,304,-1,266,304,267,-1,267,304,302,-1,267,302,269,-1,269,302,301,-1,269,301,270,-1,270,301,286,-1,270,286,252,-1,376,353,375,-1,375,353,346,-1,375,346,384,-1,384,346,345,-1,384,345,382,-1,382,345,343,-1,382,343,379,-1,379,343,342,-1,379,342,378,-1,378,342,341,-1,363,374,373,-1,363,373,364,-1,364,373,386,-1,364,386,347,-1,347,386,385,-1,347,385,348,-1,348,385,383,-1,348,383,344,-1,344,383,334,-1,344,334,336,-1,352,389,401,-1,352,401,366,-1,366,401,402,-1,366,402,367,-1,367,402,400,-1,367,400,365,-1,365,400,399,-1,365,399,360,-1,360,399,394,-1,360,394,361,-1,361,394,393,-1,361,393,362,-1,355,387,405,-1,355,405,370,-1,370,405,407,-1,370,407,368,-1,368,407,406,-1,368,406,369,-1,369,406,404,-1,369,404,371,-1,371,404,403,-1,371,403,372,-1,372,403,388,-1,372,388,354,-1,110,105,108,-1,108,105,103,-1,112,104,110,-1,110,104,105,-1,102,106,103,-1,103,106,108,-1,106,102,112,-1,112,102,104,-1,212,207,210,-1,210,207,205,-1,214,206,212,-1,212,206,207,-1,204,208,205,-1,205,208,210,-1,208,204,214,-1,214,204,206,-1,314,309,312,-1,312,309,307,-1,316,308,314,-1,314,308,309,-1,306,310,307,-1,307,310,312,-1,310,306,316,-1,316,306,308,-1,
        ]
    }
}
Shape{
    appearance Appearance {
        material  Material 	{
            diffuseColor 1.0 0.9764705882352941 0.9058823529411765
            specularColor 0.5019607843137255 0.48627450980392156 0.45098039215686275
            ambientIntensity 0.2
            transparency 0
            shininess 0.5
        }
    }
    geometry IndexedFaceSet {
        ccw TRUE
        solid FALSE
        coord DEF co Coordinate {
            point [
                -0.6398 0.5118 0.4823, -0.6398 0.6405 0.4823, -0.8012 0.5118 0.4823, -0.6791 0.7087 0.4823, -0.9724 0.5118 0.4823, -0.9724 0.7087 0.4823, -0.5413 0.5118 0.4823, -0.2461 0.5118 0.4823, -0.2461 0.6405 0.4823, -0.2854 0.7087 0.4823, -0.502 0.7087 0.4823, -0.5413 0.6405 0.4823, -0.1476 0.5118 0.4823, 0.1476 0.5118 0.4823, 0.1476 0.6405 0.4823, 0.1083 0.7087 0.4823, -0.1083 0.7087 0.4823, -0.1476 0.6405 0.4823, 0.2461 0.5118 0.4823, 0.5413 0.5118 0.4823, 0.5413 0.6405 0.4823, 0.502 0.7087 0.4823, 0.2854 0.7087 0.4823, 0.2461 0.6405 0.4823, 0.9724 0.7087 0.4823, 0.6791 0.7087 0.4823, 0.9724 0.5118 0.4823, 0.6398 0.6405 0.4823, 0.6398 0.5118 0.4823, 0.6398 0.5118 0.4823
            ]
        }
        coordIndex [
            0,1,2,-1,2,1,3,-1,2,3,4,-1,4,3,5,-1,6,7,8,-1,9,10,8,-1,8,10,11,-1,8,11,6,-1,12,13,14,-1,15,16,14,-1,14,16,17,-1,14,17,12,-1,18,19,20,-1,21,22,20,-1,20,22,23,-1,20,23,18,-1,24,25,26,-1,26,25,27,-1,26,27,28,-1,
        ]
    }
}
Shape{
    appearance Appearance {
        material  Material 	{
            diffuseColor 0.0 0.0 0.0
            specularColor 0.0 0.0 0.0
            ambientIntensity 0.2
            transparency 0
            shininess 0.5
        }
    }
    geometry IndexedFaceSet {
        ccw TRUE
        solid FALSE
        coord DEF co Coordinate {
            point [
                1.2638 -0.5867 -0.233, 1.2638 -0.5867 -0.239, 1.2598 -0.5867 -0.233, 1.2598 -0.5867 -0.239, 1.2638 -0.608 -0.233, 1.2598 -0.608 -0.233, 1.2638 -0.608 -0.1857, 1.2598 -0.608 -0.1857, 1.2638 -0.6149 -0.1857, 1.2598 -0.6149 -0.1857, 1.2638 -0.6149 -0.239, 1.2598 -0.6149 -0.239, 1.2598 -0.5446 -0.2368, 1.2638 -0.5446 -0.2368, 1.2638 -0.5455 -0.2373, 1.2638 -0.5593 -0.2399, 1.2598 -0.5593 -0.2399, 1.2638 -0.5512 -0.2392, 1.2598 -0.5546 -0.2395, 1.2598 -0.5512 -0.2392, 1.2598 -0.5468 -0.2377, 1.2598 -0.5455 -0.2373, 1.2638 -0.5446 -0.2302, 1.2598 -0.5446 -0.2302, 1.2598 -0.5468 -0.2313, 1.2638 -0.5498 -0.2326, 1.2598 -0.5498 -0.2326, 1.2598 -0.5559 -0.2337, 1.2638 -0.5559 -0.2337, 1.2598 -0.5583 -0.2338, 1.2638 -0.5583 -0.2338, 1.2598 -0.5631 -0.2333, 1.2638 -0.5631 -0.2333, 1.2598 -0.567 -0.2319, 1.2638 -0.567 -0.2319, 1.2598 -0.5706 -0.2296, 1.2638 -0.5706 -0.2296, 1.2598 -0.5721 -0.2282, 1.2638 -0.5721 -0.2282, 1.2598 -0.5746 -0.2248, 1.2638 -0.5746 -0.2248, 1.2598 -0.5763 -0.2205, 1.2638 -0.5763 -0.2205, 1.2598 -0.5772 -0.2152, 1.2638 -0.5772 -0.2152, 1.2598 -0.5773 -0.213, 1.2638 -0.5773 -0.213, 1.2598 -0.5764 -0.2057, 1.2638 -0.5764 -0.2057, 1.2598 -0.5746 -0.201, 1.2638 -0.5746 -0.201, 1.2598 -0.5721 -0.1973, 1.2638 -0.5721 -0.1973, 1.2598 -0.5717 -0.1969, 1.2638 -0.5717 -0.1969, 1.2598 -0.5683 -0.1941, 1.2638 -0.5683 -0.1941, 1.2598 -0.5641 -0.1921, 1.2638 -0.5641 -0.1921, 1.2598 -0.5595 -0.1911, 1.2638 -0.5595 -0.1911, 1.2598 -0.5571 -0.191, 1.2638 -0.5571 -0.191, 1.2598 -0.5446 -0.1942, 1.2638 -0.5446 -0.1942, 1.2638 -0.5452 -0.1938, 1.2598 -0.5506 -0.1918, 1.2638 -0.5506 -0.1918, 1.2598 -0.5468 -0.1932, 1.2598 -0.5452 -0.1938, 1.2638 -0.5446 -0.1869, 1.2598 -0.5446 -0.1869, 1.2598 -0.5468 -0.1863, 1.2638 -0.5502 -0.1853, 1.2598 -0.5572 -0.1848, 1.2638 -0.5572 -0.1848, 1.2598 -0.5515 -0.1852, 1.2598 -0.5502 -0.1853, 1.2598 -0.5609 -0.1852, 1.2638 -0.5649 -0.1857, 1.2598 -0.5649 -0.1857, 1.2598 -0.5705 -0.1879, 1.2638 -0.5705 -0.1879, 1.2598 -0.5755 -0.1914, 1.2638 -0.5755 -0.1914, 1.2598 -0.5768 -0.1926, 1.2638 -0.5768 -0.1926, 1.2598 -0.5807 -0.1977, 1.2598 -0.5821 -0.2011, 1.2638 -0.5832 -0.2036, 1.2638 -0.5807 -0.1977, 1.2598 -0.5832 -0.2036, 1.2598 -0.5844 -0.2106, 1.2638 -0.5844 -0.2106, 1.2598 -0.5845 -0.2134, 1.2638 -0.5845 -0.2134, 1.2598 -0.5835 -0.222, 1.2598 -0.5821 -0.2255, 1.2638 -0.5813 -0.2276, 1.2638 -0.5835 -0.222, 1.2598 -0.5813 -0.2276, 1.2598 -0.5781 -0.2322, 1.2638 -0.5781 -0.2322, 1.2598 -0.5777 -0.2327, 1.2638 -0.5777 -0.2327, 1.2638 -0.5634 -0.2397, 1.2598 -0.574 -0.2358, 1.2638 -0.574 -0.2358, 1.2598 -0.5691 -0.2383, 1.2638 -0.5691 -0.2383, 1.2598 -0.5643 -0.2395, 1.2598 -0.5634 -0.2397, 1.2638 -0.5052 -0.233, 1.2638 -0.5052 -0.239, 1.2598 -0.5052 -0.233, 1.2598 -0.5052 -0.239, 1.2598 -0.527 -0.233, 1.2638 -0.527 -0.233, 1.2598 -0.5126 -0.233, 1.2638 -0.527 -0.215, 1.2598 -0.527 -0.215, 1.2638 -0.5079 -0.215, 1.2598 -0.5126 -0.215, 1.2598 -0.5079 -0.215, 1.2638 -0.5079 -0.2089, 1.2598 -0.5079 -0.2089, 1.2598 -0.527 -0.2089, 1.2638 -0.527 -0.2089, 1.2598 -0.5126 -0.2089, 1.2638 -0.527 -0.1918, 1.2598 -0.527 -0.1918, 1.2638 -0.5064 -0.1918, 1.2598 -0.5126 -0.1918, 1.2598 -0.5064 -0.1918, 1.2638 -0.5064 -0.1857, 1.2598 -0.5064 -0.1857, 1.2598 -0.5339 -0.1857, 1.2638 -0.5339 -0.1857, 1.2598 -0.5126 -0.1857, 1.2638 -0.5339 -0.239, 1.2598 -0.5339 -0.239, 1.2598 -0.5126 -0.239, 1.2638 -0.462 -0.2242, 1.2638 -0.4646 -0.2274, 1.2638 -0.4597 -0.2316, 1.2638 -0.4652 -0.228, 1.2638 -0.4653 -0.2356, 1.2638 -0.4687 -0.2304, 1.2638 -0.4714 -0.238, 1.2638 -0.4731 -0.2321, 1.2638 -0.4804 -0.239, 1.2638 -0.4804 -0.233, 1.2638 -0.4951 -0.239, 1.2638 -0.4882 -0.233, 1.2638 -0.4951 -0.1857, 1.2638 -0.4882 -0.1918, 1.2638 -0.4799 -0.1857, 1.2638 -0.4801 -0.1918, 1.2638 -0.4717 -0.1866, 1.2638 -0.4729 -0.1927, 1.2638 -0.4653 -0.1889, 1.2638 -0.4683 -0.1944, 1.2638 -0.4597 -0.1927, 1.2638 -0.4647 -0.1968, 1.2638 -0.4578 -0.1946, 1.2638 -0.4632 -0.1983, 1.2638 -0.4545 -0.1992, 1.2638 -0.4612 -0.2013, 1.2638 -0.4525 -0.2043, 1.2638 -0.4597 -0.2052, 1.2638 -0.4516 -0.2117, 1.2638 -0.4589 -0.2119, 1.2638 -0.4518 -0.2151, 1.2638 -0.4591 -0.2154, 1.2638 -0.4531 -0.2213, 1.2638 -0.4601 -0.2202, 1.2638 -0.4557 -0.2268, 1.2598 -0.4804 -0.239, 1.2598 -0.4951 -0.239, 1.2598 -0.4714 -0.238, 1.2598 -0.4653 -0.2356, 1.2598 -0.4597 -0.2316, 1.2598 -0.4557 -0.2268, 1.2598 -0.4531 -0.2213, 1.2598 -0.4518 -0.2151, 1.2598 -0.4516 -0.2117, 1.2598 -0.4525 -0.2043, 1.2598 -0.4545 -0.1992, 1.2598 -0.4578 -0.1946, 1.2598 -0.4597 -0.1927, 1.2598 -0.4653 -0.1889, 1.2598 -0.4717 -0.1866, 1.2598 -0.4799 -0.1857, 1.2598 -0.4951 -0.1857, 1.2598 -0.4801 -0.1918, 1.2598 -0.4882 -0.1918, 1.2598 -0.4882 -0.233, 1.2598 -0.4804 -0.233, 1.2598 -0.4646 -0.2274, 1.2598 -0.4652 -0.228, 1.2598 -0.4687 -0.2304, 1.2598 -0.4731 -0.2321, 1.2598 -0.4589 -0.2119, 1.2598 -0.4591 -0.2154, 1.2598 -0.4601 -0.2202, 1.2598 -0.462 -0.2242, 1.2598 -0.4647 -0.1968, 1.2598 -0.4632 -0.1983, 1.2598 -0.4612 -0.2013, 1.2598 -0.4597 -0.2052, 1.2598 -0.4729 -0.1927, 1.2598 -0.4683 -0.1944, 1.2598 -0.4683 -0.1944
            ]
        }
        coordIndex [
            0,1,2,-1,2,1,3,-1,4,0,5,-1,5,0,2,-1,6,4,7,-1,7,4,5,-1,8,6,9,-1,9,6,7,-1,10,8,11,-1,11,8,9,-1,1,10,3,-1,3,10,11,-1,6,8,4,-1,4,8,10,-1,4,10,0,-1,0,10,1,-1,12,13,14,-1,15,16,17,-1,17,16,18,-1,18,19,17,-1,17,19,20,-1,17,20,14,-1,14,20,21,-1,14,21,12,-1,22,13,23,-1,23,13,12,-1,22,23,24,-1,22,24,25,-1,24,26,25,-1,25,26,27,-1,25,27,28,-1,28,27,29,-1,28,29,30,-1,30,29,31,-1,30,31,32,-1,32,31,33,-1,32,33,34,-1,34,33,35,-1,34,35,36,-1,36,35,37,-1,36,37,38,-1,38,37,39,-1,38,39,40,-1,40,39,41,-1,40,41,42,-1,42,41,43,-1,42,43,44,-1,44,43,45,-1,44,45,46,-1,46,45,47,-1,46,47,48,-1,48,47,49,-1,48,49,50,-1,50,49,51,-1,50,51,52,-1,52,51,53,-1,52,53,54,-1,54,53,55,-1,54,55,56,-1,56,55,57,-1,56,57,58,-1,58,57,59,-1,58,59,60,-1,60,59,61,-1,60,61,62,-1,63,64,65,-1,62,61,66,-1,62,66,67,-1,67,66,68,-1,67,68,65,-1,65,68,69,-1,65,69,63,-1,70,64,71,-1,71,64,63,-1,70,71,72,-1,70,72,73,-1,74,75,76,-1,76,75,73,-1,76,73,77,-1,77,73,72,-1,75,74,78,-1,75,78,79,-1,78,80,79,-1,79,80,81,-1,79,81,82,-1,82,81,83,-1,82,83,84,-1,84,83,85,-1,84,85,86,-1,86,85,87,-1,88,89,87,-1,87,89,90,-1,87,90,86,-1,88,91,89,-1,89,91,92,-1,89,92,93,-1,93,92,94,-1,93,94,95,-1,95,94,96,-1,97,98,96,-1,96,98,99,-1,96,99,95,-1,97,100,98,-1,98,100,101,-1,98,101,102,-1,102,101,103,-1,102,103,104,-1,16,15,105,-1,104,103,106,-1,104,106,107,-1,107,106,108,-1,107,108,109,-1,109,108,110,-1,109,110,105,-1,105,110,111,-1,105,111,16,-1,86,54,84,-1,84,54,56,-1,84,56,82,-1,95,46,93,-1,93,46,48,-1,93,48,89,-1,89,48,90,-1,90,48,50,-1,90,50,86,-1,86,50,52,-1,86,52,54,-1,82,56,79,-1,79,56,58,-1,79,58,75,-1,13,22,14,-1,14,22,25,-1,14,25,17,-1,17,25,28,-1,17,28,15,-1,15,28,30,-1,15,30,105,-1,105,30,32,-1,105,32,109,-1,109,32,34,-1,109,34,107,-1,107,34,36,-1,107,36,104,-1,104,36,38,-1,104,38,102,-1,102,38,40,-1,102,40,98,-1,98,40,99,-1,99,40,42,-1,99,42,95,-1,95,42,44,-1,95,44,46,-1,58,60,75,-1,75,60,62,-1,75,62,73,-1,73,62,67,-1,73,67,70,-1,70,67,65,-1,70,65,64,-1,112,113,114,-1,114,113,115,-1,116,117,118,-1,118,117,112,-1,118,112,114,-1,119,117,120,-1,120,117,116,-1,119,120,121,-1,121,120,122,-1,121,122,123,-1,124,121,125,-1,125,121,123,-1,126,127,128,-1,128,127,124,-1,128,124,125,-1,129,127,130,-1,130,127,126,-1,129,130,131,-1,131,130,132,-1,131,132,133,-1,134,131,135,-1,135,131,133,-1,136,137,138,-1,138,137,134,-1,138,134,135,-1,139,137,140,-1,140,137,136,-1,139,140,113,-1,113,140,141,-1,113,141,115,-1,139,113,112,-1,112,117,139,-1,139,117,119,-1,139,119,137,-1,131,134,129,-1,129,134,137,-1,129,137,127,-1,127,137,119,-1,127,119,124,-1,124,119,121,-1,142,143,144,-1,144,143,145,-1,144,145,146,-1,146,145,147,-1,146,147,148,-1,148,147,149,-1,148,149,150,-1,150,149,151,-1,150,151,152,-1,152,151,153,-1,152,153,154,-1,154,153,155,-1,154,155,156,-1,156,155,157,-1,156,157,158,-1,158,157,159,-1,158,159,160,-1,160,159,161,-1,160,161,162,-1,162,161,163,-1,162,163,164,-1,164,163,165,-1,164,165,166,-1,166,165,167,-1,166,167,168,-1,168,167,169,-1,168,169,170,-1,170,169,171,-1,170,171,172,-1,172,171,173,-1,172,173,174,-1,174,173,175,-1,174,175,176,-1,176,175,142,-1,176,142,144,-1,150,152,177,-1,177,152,178,-1,150,177,179,-1,150,179,148,-1,148,179,180,-1,148,180,146,-1,146,180,181,-1,146,181,144,-1,144,181,182,-1,144,182,176,-1,176,182,183,-1,176,183,174,-1,174,183,184,-1,174,184,172,-1,172,184,185,-1,172,185,170,-1,170,185,186,-1,170,186,168,-1,168,186,187,-1,168,187,166,-1,166,187,188,-1,166,188,164,-1,164,188,189,-1,164,189,162,-1,162,189,190,-1,162,190,160,-1,160,190,191,-1,160,191,158,-1,158,191,192,-1,158,192,156,-1,154,156,193,-1,193,156,192,-1,152,154,178,-1,178,154,193,-1,157,155,194,-1,194,155,195,-1,155,153,195,-1,195,153,196,-1,153,151,196,-1,196,151,197,-1,143,198,199,-1,143,199,145,-1,145,199,200,-1,145,200,147,-1,147,200,201,-1,147,201,149,-1,149,201,197,-1,149,197,151,-1,171,202,203,-1,171,203,173,-1,173,203,204,-1,173,204,175,-1,175,204,205,-1,175,205,142,-1,142,205,198,-1,142,198,143,-1,163,206,207,-1,163,207,165,-1,165,207,208,-1,165,208,167,-1,167,208,209,-1,167,209,169,-1,169,209,202,-1,169,202,171,-1,157,194,210,-1,157,210,159,-1,159,210,211,-1,159,211,161,-1,161,211,206,-1,161,206,163,-1,
        ]
    }
}
Shape{
    appearance Appearance {
        material  Material 	{
            diffuseColor 1.0 0.9764705882352941 0.9058823529411765
            specularColor 0.5019607843137255 0.48627450980392156 0.45098039215686275
            ambientIntensity 0.2
            transparency 0
            shininess 0.5
        }
    }
    geometry IndexedFaceSet {
        ccw TRUE
        solid FALSE
        coord DEF co Coordinate {
            point [
                1.2598 -0.4882 -0.1918, 1.2598 -0.4882 -0.233, 1.2598 -0.4801 -0.1918, 1.2598 -0.4804 -0.233, 1.2598 -0.4731 -0.2321, 1.2598 -0.4687 -0.2304, 1.2598 -0.4652 -0.228, 1.2598 -0.4646 -0.2274, 1.2598 -0.462 -0.2242, 1.2598 -0.4601 -0.2202, 1.2598 -0.4589 -0.2119, 1.2598 -0.4647 -0.1968, 1.2598 -0.4683 -0.1944, 1.2598 -0.4597 -0.2052, 1.2598 -0.4612 -0.2013, 1.2598 -0.4632 -0.1983, 1.2598 -0.4591 -0.2154, 1.2598 -0.4729 -0.1927, 1.2598 -0.4729 -0.1927
            ]
        }
        coordIndex [
            0,1,2,-1,2,1,3,-1,3,4,2,-1,2,4,5,-1,2,5,6,-1,6,7,2,-1,2,7,8,-1,2,8,9,-1,10,11,12,-1,13,14,10,-1,10,14,15,-1,10,15,11,-1,9,16,2,-1,2,16,10,-1,2,10,17,-1,17,10,12,-1,
        ]
    }
}
Shape{
    appearance Appearance {
        material  Material 	{
            diffuseColor 0.0 0.0 0.0
            specularColor 0.0 0.0 0.0
            ambientIntensity 0.2
            transparency 0
            shininess 0.5
        }
    }
    geometry IndexedFaceSet {
        ccw TRUE
        solid FALSE
        coord DEF co Coordinate {
            point [
                1.2638 -0.4337 -0.2184, 1.2638 -0.4359 -0.2244, 1.2638 -0.4158 -0.2184, 1.2638 -0.4137 -0.2244, 1.2638 -0.4258 -0.1962, 1.2638 -0.4283 -0.1857, 1.2638 -0.4487 -0.239, 1.2638 -0.441 -0.239, 1.2638 -0.4253 -0.1946, 1.2638 -0.4249 -0.1925, 1.2638 -0.421 -0.1857, 1.2638 -0.4247 -0.1925, 1.2638 -0.4243 -0.1947, 1.2638 -0.4239 -0.1962, 1.2638 -0.4006 -0.239, 1.2638 -0.4082 -0.239, 1.2598 -0.421 -0.1857, 1.2598 -0.4006 -0.239, 1.2598 -0.4283 -0.1857, 1.2598 -0.4487 -0.239, 1.2598 -0.4333 -0.1987, 1.2598 -0.441 -0.239, 1.2598 -0.4359 -0.2244, 1.2598 -0.4137 -0.2244, 1.2598 -0.4333 -0.2244, 1.2598 -0.4082 -0.239, 1.2598 -0.4337 -0.2184, 1.2598 -0.4158 -0.2184, 1.2598 -0.4239 -0.1962, 1.2598 -0.4247 -0.1925, 1.2598 -0.4243 -0.1947, 1.2598 -0.4249 -0.1925, 1.2598 -0.4258 -0.1962, 1.2598 -0.4253 -0.1946, 1.2598 -0.4253 -0.1946
            ]
        }
        coordIndex [
            0,1,2,-1,2,1,3,-1,4,5,0,-1,0,5,6,-1,0,6,1,-1,1,6,7,-1,4,8,5,-1,5,8,9,-1,5,9,10,-1,10,9,11,-1,10,11,12,-1,12,13,10,-1,10,13,2,-1,10,2,14,-1,14,2,3,-1,14,3,15,-1,10,14,16,-1,16,14,17,-1,5,10,18,-1,18,10,16,-1,19,6,20,-1,20,6,5,-1,20,5,18,-1,7,6,21,-1,21,6,19,-1,1,7,22,-1,22,7,21,-1,23,3,24,-1,24,3,1,-1,24,1,22,-1,15,3,25,-1,25,3,23,-1,14,15,17,-1,17,15,25,-1,0,2,26,-1,26,2,27,-1,2,13,27,-1,27,13,28,-1,11,29,30,-1,11,30,12,-1,12,30,28,-1,12,28,13,-1,11,9,29,-1,29,9,31,-1,4,32,33,-1,4,33,8,-1,8,33,31,-1,8,31,9,-1,4,0,32,-1,32,0,26,-1,
        ]
    }
}
Shape{
    appearance Appearance {
        material  Material 	{
            diffuseColor 1.0 0.9764705882352941 0.9058823529411765
            specularColor 0.5019607843137255 0.48627450980392156 0.45098039215686275
            ambientIntensity 0.2
            transparency 0
            shininess 0.5
        }
    }
    geometry IndexedFaceSet {
        ccw TRUE
        solid FALSE
        coord DEF co Coordinate {
            point [
                1.2598 -0.4247 -0.1925, 1.2598 -0.4249 -0.1925, 1.2598 -0.4243 -0.1947, 1.2598 -0.4253 -0.1946, 1.2598 -0.4239 -0.1962, 1.2598 -0.4258 -0.1962, 1.2598 -0.4158 -0.2184, 1.2598 -0.4337 -0.2184, 1.2598 -0.4337 -0.2184
            ]
        }
        coordIndex [
            0,1,2,-1,2,1,3,-1,2,3,4,-1,4,3,5,-1,4,5,6,-1,6,5,7,-1,
        ]
    }
}
Shape{
    appearance Appearance {
        material  Material 	{
            diffuseColor 0.0 0.0 0.0
            specularColor 0.0 0.0 0.0
            ambientIntensity 0.2
            transparency 0
            shininess 0.5
        }
    }
    geometry IndexedFaceSet {
        ccw TRUE
        solid FALSE
        coord DEF co Coordinate {
            point [
                1.2638 -0.5862 -0.3176, 1.2638 -0.5862 -0.3237, 1.2598 -0.5862 -0.3176, 1.2598 -0.5862 -0.3237, 1.2638 -0.608 -0.3176, 1.2598 -0.608 -0.3176, 1.2638 -0.608 -0.2997, 1.2598 -0.608 -0.2997, 1.2638 -0.5889 -0.2997, 1.2598 -0.5889 -0.2997, 1.2638 -0.5889 -0.2936, 1.2598 -0.5889 -0.2936, 1.2638 -0.608 -0.2936, 1.2598 -0.608 -0.2936, 1.2638 -0.608 -0.2765, 1.2598 -0.608 -0.2765, 1.2638 -0.5874 -0.2765, 1.2598 -0.5874 -0.2765, 1.2638 -0.5874 -0.2703, 1.2598 -0.5874 -0.2703, 1.2638 -0.6149 -0.2703, 1.2598 -0.6149 -0.2703, 1.2638 -0.6149 -0.3237, 1.2598 -0.6149 -0.3237, 1.2638 -0.556 -0.3178, 1.2638 -0.5558 -0.3178, 1.2638 -0.5562 -0.3117, 1.2638 -0.5558 -0.3087, 1.2638 -0.5491 -0.2992, 1.2638 -0.5558 -0.3083, 1.2638 -0.5558 -0.3046, 1.2638 -0.5558 -0.3237, 1.2638 -0.5491 -0.3237, 1.2638 -0.5729 -0.3119, 1.2638 -0.5726 -0.3104, 1.2638 -0.5784 -0.3074, 1.2638 -0.5572 -0.3141, 1.2638 -0.5587 -0.316, 1.2638 -0.5571 -0.3195, 1.2638 -0.5595 -0.3169, 1.2638 -0.5592 -0.3217, 1.2638 -0.5614 -0.3181, 1.2638 -0.5615 -0.3233, 1.2638 -0.5634 -0.3189, 1.2638 -0.5642 -0.3242, 1.2638 -0.5659 -0.3191, 1.2638 -0.5677 -0.3246, 1.2638 -0.5682 -0.3189, 1.2638 -0.5717 -0.3242, 1.2638 -0.5697 -0.3183, 1.2638 -0.5742 -0.3232, 1.2638 -0.571 -0.3174, 1.2638 -0.5765 -0.3216, 1.2638 -0.5716 -0.3169, 1.2638 -0.577 -0.3055, 1.2638 -0.572 -0.3091, 1.2638 -0.5749 -0.3037, 1.2638 -0.5712 -0.3081, 1.2638 -0.5721 -0.3023, 1.2638 -0.5704 -0.3075, 1.2638 -0.5688 -0.3068, 1.2638 -0.5671 -0.3011, 1.2638 -0.5647 -0.3058, 1.2638 -0.5558 -0.2995, 1.2638 -0.5793 -0.3098, 1.2638 -0.5797 -0.3126, 1.2638 -0.573 -0.313, 1.2638 -0.5798 -0.3135, 1.2638 -0.5728 -0.3145, 1.2638 -0.5794 -0.3166, 1.2638 -0.5724 -0.3157, 1.2638 -0.5786 -0.3188, 1.2638 -0.5772 -0.3209, 1.2638 -0.576 -0.2883, 1.2638 -0.576 -0.2948, 1.2638 -0.5746 -0.2875, 1.2638 -0.572 -0.2921, 1.2638 -0.5696 -0.2855, 1.2638 -0.5678 -0.2906, 1.2638 -0.5629 -0.2847, 1.2638 -0.5635 -0.2902, 1.2638 -0.5589 -0.2851, 1.2638 -0.5613 -0.2904, 1.2638 -0.556 -0.286, 1.2638 -0.5597 -0.2909, 1.2638 -0.5538 -0.2872, 1.2638 -0.5585 -0.2917, 1.2638 -0.552 -0.2889, 1.2638 -0.5575 -0.2928, 1.2638 -0.5507 -0.2911, 1.2638 -0.5567 -0.2942, 1.2638 -0.5496 -0.2942, 1.2638 -0.556 -0.2965, 1.2598 -0.5629 -0.2847, 1.2598 -0.5696 -0.2855, 1.2598 -0.5746 -0.2875, 1.2598 -0.576 -0.2883, 1.2598 -0.576 -0.2948, 1.2598 -0.572 -0.2921, 1.2598 -0.5678 -0.2906, 1.2598 -0.5635 -0.2902, 1.2598 -0.5613 -0.2904, 1.2598 -0.5597 -0.2909, 1.2598 -0.5585 -0.2917, 1.2598 -0.5575 -0.2928, 1.2598 -0.5567 -0.2942, 1.2598 -0.556 -0.2965, 1.2598 -0.5558 -0.2995, 1.2598 -0.5671 -0.3011, 1.2598 -0.5721 -0.3023, 1.2598 -0.5749 -0.3037, 1.2598 -0.577 -0.3055, 1.2598 -0.5784 -0.3074, 1.2598 -0.5793 -0.3098, 1.2598 -0.5797 -0.3126, 1.2598 -0.5798 -0.3135, 1.2598 -0.5794 -0.3166, 1.2598 -0.5786 -0.3188, 1.2598 -0.5772 -0.3209, 1.2598 -0.5765 -0.3216, 1.2598 -0.5677 -0.3246, 1.2598 -0.5715 -0.3242, 1.2598 -0.5717 -0.3242, 1.2598 -0.5742 -0.3232, 1.2598 -0.5642 -0.3242, 1.2598 -0.564 -0.3242, 1.2598 -0.5615 -0.3233, 1.2598 -0.5592 -0.3217, 1.2598 -0.5571 -0.3195, 1.2598 -0.556 -0.3178, 1.2598 -0.5558 -0.3178, 1.2598 -0.5558 -0.3237, 1.2598 -0.5491 -0.3237, 1.2598 -0.5491 -0.2992, 1.2598 -0.5496 -0.2942, 1.2598 -0.5507 -0.2911, 1.2598 -0.552 -0.2889, 1.2598 -0.5538 -0.2872, 1.2598 -0.556 -0.286, 1.2598 -0.5589 -0.2851, 1.2598 -0.5712 -0.3081, 1.2598 -0.5704 -0.3075, 1.2598 -0.5688 -0.3068, 1.2598 -0.5647 -0.3058, 1.2598 -0.573 -0.313, 1.2598 -0.5729 -0.3119, 1.2598 -0.5726 -0.3104, 1.2598 -0.572 -0.3091, 1.2598 -0.571 -0.3174, 1.2598 -0.5716 -0.3169, 1.2598 -0.5724 -0.3157, 1.2598 -0.5728 -0.3145, 1.2598 -0.5659 -0.3191, 1.2598 -0.5682 -0.3189, 1.2598 -0.5697 -0.3183, 1.2598 -0.5587 -0.316, 1.2598 -0.5595 -0.3169, 1.2598 -0.5614 -0.3181, 1.2598 -0.5634 -0.3189, 1.2598 -0.5558 -0.3083, 1.2598 -0.5558 -0.3087, 1.2598 -0.5562 -0.3117, 1.2598 -0.5572 -0.3141, 1.2598 -0.5558 -0.3046, 1.2598 -0.5558 -0.3046
            ]
        }
        coordIndex [
            0,1,2,-1,2,1,3,-1,4,0,5,-1,5,0,2,-1,6,4,7,-1,7,4,5,-1,8,6,9,-1,9,6,7,-1,10,8,11,-1,11,8,9,-1,12,10,13,-1,13,10,11,-1,14,12,15,-1,15,12,13,-1,16,14,17,-1,17,14,15,-1,18,16,19,-1,19,16,17,-1,20,18,21,-1,21,18,19,-1,22,20,23,-1,23,20,21,-1,1,22,3,-1,3,22,23,-1,22,1,0,-1,0,4,22,-1,22,4,6,-1,22,6,20,-1,16,18,14,-1,14,18,20,-1,14,20,12,-1,12,20,6,-1,12,6,10,-1,10,6,8,-1,24,25,26,-1,27,28,29,-1,29,28,30,-1,31,32,25,-1,25,32,28,-1,25,28,26,-1,26,28,27,-1,33,34,35,-1,26,36,24,-1,24,36,37,-1,24,37,38,-1,38,37,39,-1,38,39,40,-1,40,39,41,-1,40,41,42,-1,42,41,43,-1,42,43,44,-1,44,43,45,-1,44,45,46,-1,46,45,47,-1,46,47,48,-1,48,47,49,-1,48,49,50,-1,50,49,51,-1,50,51,52,-1,52,51,53,-1,35,34,54,-1,54,34,55,-1,54,55,56,-1,56,55,57,-1,56,57,58,-1,57,59,58,-1,58,59,60,-1,58,60,61,-1,61,60,62,-1,61,62,63,-1,35,64,33,-1,33,64,65,-1,33,65,66,-1,66,65,67,-1,66,67,68,-1,68,67,69,-1,68,69,70,-1,70,69,71,-1,70,71,53,-1,53,71,72,-1,53,72,52,-1,73,74,75,-1,75,74,76,-1,75,76,77,-1,77,76,78,-1,77,78,79,-1,79,78,80,-1,79,80,81,-1,81,80,82,-1,81,82,83,-1,83,82,84,-1,83,84,85,-1,85,84,86,-1,85,86,87,-1,87,86,88,-1,87,88,89,-1,89,88,90,-1,89,90,91,-1,91,90,92,-1,91,92,28,-1,28,92,63,-1,28,63,30,-1,30,63,62,-1,79,93,94,-1,79,94,77,-1,77,94,95,-1,77,95,75,-1,75,95,96,-1,75,96,73,-1,74,73,97,-1,97,73,96,-1,74,97,98,-1,74,98,76,-1,76,98,99,-1,76,99,78,-1,78,99,100,-1,78,100,80,-1,80,100,101,-1,80,101,82,-1,82,101,102,-1,82,102,84,-1,84,102,103,-1,84,103,86,-1,86,103,104,-1,86,104,88,-1,88,104,105,-1,88,105,90,-1,90,105,106,-1,90,106,92,-1,92,106,107,-1,92,107,63,-1,61,63,108,-1,108,63,107,-1,61,108,109,-1,61,109,58,-1,58,109,110,-1,58,110,56,-1,56,110,111,-1,56,111,54,-1,54,111,112,-1,54,112,35,-1,35,112,113,-1,35,113,64,-1,64,113,114,-1,64,114,65,-1,65,114,115,-1,65,115,67,-1,67,115,116,-1,67,116,69,-1,69,116,117,-1,69,117,71,-1,71,117,118,-1,71,118,72,-1,72,118,119,-1,72,119,52,-1,120,46,121,-1,121,46,48,-1,121,48,122,-1,122,48,50,-1,122,50,123,-1,123,50,52,-1,123,52,119,-1,46,120,124,-1,46,124,44,-1,44,124,125,-1,44,125,42,-1,125,126,42,-1,42,126,127,-1,42,127,40,-1,40,127,128,-1,40,128,38,-1,38,128,129,-1,38,129,24,-1,25,24,130,-1,130,24,129,-1,31,25,131,-1,131,25,130,-1,32,31,132,-1,132,31,131,-1,28,32,133,-1,133,32,132,-1,28,133,134,-1,28,134,91,-1,91,134,135,-1,91,135,89,-1,89,135,136,-1,89,136,87,-1,87,136,137,-1,87,137,85,-1,85,137,138,-1,85,138,83,-1,83,138,139,-1,83,139,81,-1,81,139,93,-1,81,93,79,-1,57,140,141,-1,57,141,59,-1,59,141,142,-1,59,142,60,-1,60,142,143,-1,60,143,62,-1,66,144,145,-1,66,145,33,-1,33,145,146,-1,33,146,34,-1,34,146,147,-1,34,147,55,-1,55,147,140,-1,55,140,57,-1,51,148,149,-1,51,149,53,-1,53,149,150,-1,53,150,70,-1,70,150,151,-1,70,151,68,-1,68,151,144,-1,68,144,66,-1,45,152,153,-1,45,153,47,-1,47,153,154,-1,47,154,49,-1,49,154,148,-1,49,148,51,-1,37,155,156,-1,37,156,39,-1,39,156,157,-1,39,157,41,-1,41,157,158,-1,41,158,43,-1,43,158,152,-1,43,152,45,-1,29,159,160,-1,29,160,27,-1,27,160,161,-1,27,161,26,-1,26,161,162,-1,26,162,36,-1,36,162,155,-1,36,155,37,-1,29,30,159,-1,159,30,163,-1,30,62,163,-1,163,62,143,-1,
        ]
    }
}
Shape{
    appearance Appearance {
        material  Material 	{
            diffuseColor 1.0 0.9764705882352941 0.9058823529411765
            specularColor 0.5019607843137255 0.48627450980392156 0.45098039215686275
            ambientIntensity 0.2
            transparency 0
            shininess 0.5
        }
    }
    geometry IndexedFaceSet {
        ccw TRUE
        solid FALSE
        coord DEF co Coordinate {
            point [
                1.2598 -0.5558 -0.3087, 1.2598 -0.5558 -0.3083, 1.2598 -0.5712 -0.3081, 1.2598 -0.5558 -0.3046, 1.2598 -0.5647 -0.3058, 1.2598 -0.5688 -0.3068, 1.2598 -0.5704 -0.3075, 1.2598 -0.5562 -0.3117, 1.2598 -0.572 -0.3091, 1.2598 -0.5572 -0.3141, 1.2598 -0.5716 -0.3169, 1.2598 -0.571 -0.3174, 1.2598 -0.5595 -0.3169, 1.2598 -0.5724 -0.3157, 1.2598 -0.5614 -0.3181, 1.2598 -0.5634 -0.3189, 1.2598 -0.5659 -0.3191, 1.2598 -0.5726 -0.3104, 1.2598 -0.5729 -0.3119, 1.2598 -0.5587 -0.316, 1.2598 -0.573 -0.313, 1.2598 -0.5728 -0.3145, 1.2598 -0.5697 -0.3183, 1.2598 -0.5682 -0.3189, 1.2598 -0.5682 -0.3189
            ]
        }
        coordIndex [
            0,1,2,-1,1,3,4,-1,4,5,1,-1,1,5,6,-1,1,6,2,-1,0,2,7,-1,7,2,8,-1,7,8,9,-1,10,11,12,-1,10,12,13,-1,14,12,15,-1,15,12,16,-1,8,17,9,-1,9,17,18,-1,9,18,19,-1,19,18,20,-1,19,20,12,-1,12,20,21,-1,12,21,13,-1,11,22,12,-1,12,22,23,-1,12,23,16,-1,
        ]
    }
}
Shape{
    appearance Appearance {
        material  Material 	{
            diffuseColor 0.0 0.0 0.0
            specularColor 0.0 0.0 0.0
            ambientIntensity 0.2
            transparency 0
            shininess 0.5
        }
    }
    geometry IndexedFaceSet {
        ccw TRUE
        solid FALSE
        coord DEF co Coordinate {
            point [
                1.2598 -0.5401 -0.3155, 1.2638 -0.5401 -0.3155, 1.2638 -0.5375 -0.3171, 1.2638 -0.5291 -0.3192, 1.2598 -0.5291 -0.3192, 1.2598 -0.5333 -0.3187, 1.2638 -0.5333 -0.3187, 1.2598 -0.537 -0.3173, 1.2598 -0.5375 -0.3171, 1.2638 -0.5401 -0.3224, 1.2598 -0.5401 -0.3224, 1.2598 -0.537 -0.3235, 1.2638 -0.5359 -0.3239, 1.2598 -0.5297 -0.3246, 1.2638 -0.5297 -0.3246, 1.2598 -0.5336 -0.3242, 1.2598 -0.5359 -0.3239, 1.2598 -0.5252 -0.3242, 1.2638 -0.5245 -0.3241, 1.2598 -0.5245 -0.3241, 1.2598 -0.5208 -0.3229, 1.2638 -0.5208 -0.3229, 1.2598 -0.5186 -0.3216, 1.2638 -0.5186 -0.3216, 1.2598 -0.5167 -0.3199, 1.2638 -0.5167 -0.3199, 1.2598 -0.5154 -0.3182, 1.2638 -0.5154 -0.3182, 1.2598 -0.5146 -0.316, 1.2638 -0.5146 -0.316, 1.2598 -0.5143 -0.3134, 1.2638 -0.5143 -0.3134, 1.2598 -0.5146 -0.3109, 1.2638 -0.5146 -0.3109, 1.2598 -0.5153 -0.3089, 1.2638 -0.5153 -0.3089, 1.2598 -0.5165 -0.3071, 1.2638 -0.5165 -0.3071, 1.2598 -0.5181 -0.3056, 1.2638 -0.5181 -0.3056, 1.2598 -0.5226 -0.3032, 1.2638 -0.5226 -0.3032, 1.2598 -0.5252 -0.3021, 1.2638 -0.5252 -0.3021, 1.2598 -0.5293 -0.3003, 1.2638 -0.5293 -0.3003, 1.2598 -0.5317 -0.2988, 1.2638 -0.5317 -0.2988, 1.2598 -0.5323 -0.2981, 1.2638 -0.5323 -0.2981, 1.2598 -0.5328 -0.2972, 1.2638 -0.5328 -0.2972, 1.2598 -0.5331 -0.2962, 1.2638 -0.5331 -0.2962, 1.2598 -0.5331 -0.2953, 1.2638 -0.5331 -0.2953, 1.2598 -0.533 -0.2942, 1.2638 -0.533 -0.2942, 1.2598 -0.5327 -0.2933, 1.2638 -0.5327 -0.2933, 1.2598 -0.5321 -0.2925, 1.2638 -0.5321 -0.2925, 1.2598 -0.5311 -0.2916, 1.2638 -0.5311 -0.2916, 1.2598 -0.5296 -0.2908, 1.2638 -0.5296 -0.2908, 1.2598 -0.5278 -0.2903, 1.2638 -0.5278 -0.2903, 1.2598 -0.5258 -0.2902, 1.2638 -0.5258 -0.2902, 1.2598 -0.5214 -0.2907, 1.2638 -0.5214 -0.2907, 1.2598 -0.5177 -0.292, 1.2638 -0.5177 -0.292, 1.2598 -0.5161 -0.2929, 1.2638 -0.5161 -0.2929, 1.2638 -0.5161 -0.2864, 1.2598 -0.5161 -0.2864, 1.2598 -0.5206 -0.2851, 1.2638 -0.5206 -0.2851, 1.2598 -0.5252 -0.2847, 1.2638 -0.5252 -0.2847, 1.2598 -0.53 -0.2852, 1.2638 -0.53 -0.2852, 1.2598 -0.5337 -0.2865, 1.2638 -0.5337 -0.2865, 1.2598 -0.5357 -0.2878, 1.2638 -0.5357 -0.2878, 1.2598 -0.537 -0.2889, 1.2638 -0.5377 -0.2895, 1.2598 -0.5377 -0.2895, 1.2598 -0.539 -0.2913, 1.2638 -0.539 -0.2913, 1.2598 -0.5398 -0.2935, 1.2638 -0.5398 -0.2935, 1.2598 -0.54 -0.2959, 1.2638 -0.54 -0.2959, 1.2598 -0.5397 -0.2985, 1.2638 -0.5397 -0.2985, 1.2598 -0.539 -0.3005, 1.2638 -0.539 -0.3005, 1.2598 -0.5381 -0.3019, 1.2638 -0.5381 -0.3019, 1.2598 -0.5299 -0.307, 1.2638 -0.5299 -0.307, 1.2638 -0.5339 -0.3051, 1.2598 -0.537 -0.3031, 1.2638 -0.537 -0.3031, 1.2598 -0.537 -0.3031, 1.2598 -0.5339 -0.3051, 1.2598 -0.5255 -0.3088, 1.2638 -0.5255 -0.3088, 1.2598 -0.5229 -0.3104, 1.2638 -0.5229 -0.3104, 1.2598 -0.5221 -0.3112, 1.2638 -0.5221 -0.3112, 1.2598 -0.5215 -0.3121, 1.2638 -0.5215 -0.3121, 1.2598 -0.5212 -0.3132, 1.2638 -0.5212 -0.3132, 1.2598 -0.5212 -0.314, 1.2638 -0.5212 -0.314, 1.2598 -0.5213 -0.3153, 1.2638 -0.5213 -0.3153, 1.2598 -0.5217 -0.3162, 1.2638 -0.5217 -0.3162, 1.2598 -0.5222 -0.3171, 1.2638 -0.5222 -0.3171, 1.2598 -0.523 -0.3178, 1.2638 -0.523 -0.3178, 1.2598 -0.5236 -0.3182, 1.2638 -0.5236 -0.3182, 1.2598 -0.5253 -0.3188, 1.2638 -0.5253 -0.3188, 1.2598 -0.5288 -0.3192, 1.2638 -0.5288 -0.3192, 1.2638 -0.4812 -0.2856, 1.2638 -0.4742 -0.2856, 1.2598 -0.4812 -0.2856, 1.2598 -0.4742 -0.2856, 1.2638 -0.4916 -0.3143, 1.2598 -0.4916 -0.3143, 1.2598 -0.4921 -0.3161, 1.2638 -0.4921 -0.3161, 1.2598 -0.4924 -0.3174, 1.2638 -0.4924 -0.3174, 1.2638 -0.4926 -0.3174, 1.2598 -0.4926 -0.3174, 1.2638 -0.4934 -0.3143, 1.2598 -0.4934 -0.3143, 1.2638 -0.5034 -0.2856, 1.2598 -0.5001 -0.2949, 1.2598 -0.5034 -0.2856, 1.2638 -0.5108 -0.2856, 1.2598 -0.5108 -0.2856, 1.2638 -0.4959 -0.3236, 1.2598 -0.5001 -0.3128, 1.2598 -0.4959 -0.3236, 1.2598 -0.4988 -0.3306, 1.2638 -0.4988 -0.3306, 1.2598 -0.4961 -0.3242, 1.2638 -0.5001 -0.333, 1.2598 -0.5001 -0.333, 1.2598 -0.5001 -0.333, 1.2598 -0.5014 -0.3344, 1.2638 -0.5014 -0.3344, 1.2598 -0.5025 -0.3352, 1.2638 -0.5025 -0.3352, 1.2598 -0.504 -0.3358, 1.2638 -0.504 -0.3358, 1.2598 -0.5057 -0.336, 1.2638 -0.5057 -0.336, 1.2598 -0.5081 -0.3356, 1.2638 -0.5081 -0.3356, 1.2598 -0.5095 -0.3352, 1.2638 -0.5095 -0.3352, 1.2638 -0.5095 -0.3411, 1.2598 -0.5095 -0.3411, 1.2598 -0.5066 -0.3416, 1.2638 -0.5066 -0.3416, 1.2598 -0.5051 -0.3417, 1.2638 -0.5051 -0.3417, 1.2598 -0.5024 -0.3414, 1.2638 -0.5024 -0.3414, 1.2598 -0.5001 -0.3405, 1.2638 -0.4998 -0.3404, 1.2598 -0.4998 -0.3404, 1.2598 -0.4975 -0.3387, 1.2638 -0.4975 -0.3387, 1.2598 -0.497 -0.3383, 1.2638 -0.497 -0.3383, 1.2598 -0.4946 -0.3354, 1.2638 -0.4946 -0.3354, 1.2598 -0.4915 -0.3295, 1.2638 -0.4915 -0.3295, 1.2598 -0.4894 -0.3242, 1.2638 -0.4383 -0.3176, 1.2638 -0.4383 -0.3237, 1.2598 -0.4383 -0.3176, 1.2598 -0.4383 -0.3237, 1.2638 -0.4601 -0.3176, 1.2598 -0.4501 -0.3176, 1.2598 -0.4601 -0.3176, 1.2638 -0.4601 -0.2997, 1.2598 -0.4601 -0.2997, 1.2638 -0.441 -0.2997, 1.2598 -0.4501 -0.2997, 1.2598 -0.441 -0.2997, 1.2638 -0.441 -0.2936, 1.2598 -0.441 -0.2936, 1.2598 -0.4601 -0.2936, 1.2638 -0.4601 -0.2936, 1.2598 -0.4501 -0.2936, 1.2638 -0.4601 -0.2765, 1.2598 -0.4601 -0.2765, 1.2598 -0.4395 -0.2765, 1.2638 -0.4395 -0.2765, 1.2598 -0.4501 -0.2765, 1.2638 -0.4395 -0.2703, 1.2598 -0.4395 -0.2703, 1.2598 -0.467 -0.2703, 1.2638 -0.467 -0.2703, 1.2598 -0.4501 -0.2703, 1.2638 -0.467 -0.3237, 1.2598 -0.467 -0.3237, 1.2598 -0.4501 -0.3237, 1.2638 -0.3951 -0.3089, 1.2638 -0.3977 -0.3121, 1.2638 -0.3928 -0.3162, 1.2638 -0.3984 -0.3127, 1.2638 -0.3984 -0.3203, 1.2638 -0.4018 -0.3151, 1.2638 -0.4045 -0.3226, 1.2638 -0.4062 -0.3168, 1.2638 -0.4136 -0.3237, 1.2638 -0.4136 -0.3176, 1.2638 -0.4282 -0.3237, 1.2638 -0.4213 -0.3176, 1.2638 -0.4282 -0.2703, 1.2638 -0.4213 -0.2765, 1.2638 -0.413 -0.2703, 1.2638 -0.4133 -0.2765, 1.2638 -0.4049 -0.2712, 1.2638 -0.406 -0.2773, 1.2638 -0.3984 -0.2736, 1.2638 -0.4015 -0.2791, 1.2638 -0.3928 -0.2774, 1.2638 -0.3979 -0.2815, 1.2638 -0.3909 -0.2793, 1.2638 -0.3964 -0.283, 1.2638 -0.3876 -0.2839, 1.2638 -0.3943 -0.286, 1.2638 -0.3857 -0.289, 1.2638 -0.3928 -0.2899, 1.2638 -0.3848 -0.2964, 1.2638 -0.392 -0.2965, 1.2638 -0.3849 -0.2998, 1.2638 -0.3922 -0.3001, 1.2638 -0.3862 -0.306, 1.2638 -0.3933 -0.3049, 1.2638 -0.3889 -0.3115, 1.2598 -0.4136 -0.3237, 1.2598 -0.4282 -0.3237, 1.2598 -0.4045 -0.3226, 1.2598 -0.3984 -0.3203, 1.2598 -0.3928 -0.3162, 1.2598 -0.3889 -0.3115, 1.2598 -0.3862 -0.306, 1.2598 -0.3849 -0.2998, 1.2598 -0.3848 -0.2964, 1.2598 -0.3857 -0.289, 1.2598 -0.3876 -0.2839, 1.2598 -0.3909 -0.2793, 1.2598 -0.3928 -0.2774, 1.2598 -0.3984 -0.2736, 1.2598 -0.4049 -0.2712, 1.2598 -0.413 -0.2703, 1.2598 -0.4282 -0.2703, 1.2598 -0.4133 -0.2765, 1.2598 -0.4213 -0.2765, 1.2598 -0.4213 -0.3176, 1.2598 -0.4136 -0.3176, 1.2598 -0.3977 -0.3121, 1.2598 -0.3984 -0.3127, 1.2598 -0.4018 -0.3151, 1.2598 -0.4062 -0.3168, 1.2598 -0.392 -0.2965, 1.2598 -0.3922 -0.3001, 1.2598 -0.3933 -0.3049, 1.2598 -0.3951 -0.3089, 1.2598 -0.3979 -0.2815, 1.2598 -0.3964 -0.283, 1.2598 -0.3943 -0.286, 1.2598 -0.3928 -0.2899, 1.2598 -0.406 -0.2773, 1.2598 -0.4015 -0.2791, 1.2598 -0.4015 -0.2791
            ]
        }
        coordIndex [
            0,1,2,-1,3,4,5,-1,3,5,6,-1,6,5,7,-1,6,7,2,-1,2,7,8,-1,2,8,0,-1,9,1,10,-1,10,1,0,-1,10,11,9,-1,9,11,12,-1,13,14,15,-1,15,14,12,-1,15,12,16,-1,16,12,11,-1,13,17,14,-1,14,17,18,-1,17,19,18,-1,18,19,20,-1,18,20,21,-1,21,20,22,-1,21,22,23,-1,23,22,24,-1,23,24,25,-1,25,24,26,-1,25,26,27,-1,27,26,28,-1,27,28,29,-1,29,28,30,-1,29,30,31,-1,31,30,32,-1,31,32,33,-1,33,32,34,-1,33,34,35,-1,35,34,36,-1,35,36,37,-1,37,36,38,-1,37,38,39,-1,39,38,40,-1,39,40,41,-1,41,40,42,-1,41,42,43,-1,43,42,44,-1,43,44,45,-1,45,44,46,-1,45,46,47,-1,47,46,48,-1,47,48,49,-1,49,48,50,-1,49,50,51,-1,51,50,52,-1,51,52,53,-1,53,52,54,-1,53,54,55,-1,55,54,56,-1,55,56,57,-1,57,56,58,-1,57,58,59,-1,59,58,60,-1,59,60,61,-1,61,60,62,-1,61,62,63,-1,63,62,64,-1,63,64,65,-1,65,64,66,-1,65,66,67,-1,67,66,68,-1,67,68,69,-1,69,68,70,-1,69,70,71,-1,71,70,72,-1,71,72,73,-1,73,72,74,-1,73,74,75,-1,76,75,77,-1,77,75,74,-1,76,77,78,-1,76,78,79,-1,79,78,80,-1,79,80,81,-1,81,80,82,-1,81,82,83,-1,83,82,84,-1,83,84,85,-1,85,84,86,-1,85,86,87,-1,86,88,87,-1,87,88,89,-1,88,90,89,-1,89,90,91,-1,89,91,92,-1,92,91,93,-1,92,93,94,-1,94,93,95,-1,94,95,96,-1,96,95,97,-1,96,97,98,-1,98,97,99,-1,98,99,100,-1,100,99,101,-1,100,101,102,-1,103,104,105,-1,102,101,106,-1,102,106,107,-1,107,106,108,-1,107,108,105,-1,105,108,109,-1,105,109,103,-1,104,103,110,-1,104,110,111,-1,111,110,112,-1,111,112,113,-1,113,112,114,-1,113,114,115,-1,115,114,116,-1,115,116,117,-1,117,116,118,-1,117,118,119,-1,119,118,120,-1,119,120,121,-1,121,120,122,-1,121,122,123,-1,123,122,124,-1,123,124,125,-1,125,124,126,-1,125,126,127,-1,127,126,128,-1,127,128,129,-1,129,128,130,-1,129,130,131,-1,131,130,132,-1,131,132,133,-1,133,132,134,-1,133,134,135,-1,135,134,4,-1,135,4,3,-1,61,63,85,-1,85,63,83,-1,45,104,43,-1,43,104,111,-1,43,111,41,-1,14,3,12,-1,12,3,6,-1,12,6,9,-1,9,6,2,-1,9,2,1,-1,63,65,83,-1,83,65,67,-1,83,67,81,-1,81,67,69,-1,81,69,79,-1,79,69,71,-1,79,71,76,-1,76,71,73,-1,76,73,75,-1,41,111,39,-1,39,111,113,-1,39,113,37,-1,37,113,115,-1,37,115,35,-1,35,115,117,-1,35,117,33,-1,33,117,119,-1,33,119,31,-1,31,119,121,-1,31,121,29,-1,29,121,123,-1,29,123,27,-1,27,123,125,-1,27,125,25,-1,25,125,127,-1,25,127,23,-1,23,127,129,-1,23,129,21,-1,21,129,131,-1,21,131,18,-1,18,131,133,-1,18,133,14,-1,14,133,135,-1,14,135,3,-1,85,87,61,-1,61,87,89,-1,61,89,59,-1,59,89,92,-1,59,92,57,-1,57,92,94,-1,57,94,55,-1,55,94,96,-1,55,96,53,-1,53,96,98,-1,53,98,51,-1,51,98,100,-1,51,100,49,-1,49,100,102,-1,49,102,47,-1,47,102,107,-1,47,107,45,-1,45,107,105,-1,45,105,104,-1,136,137,138,-1,138,137,139,-1,140,136,141,-1,141,136,138,-1,140,141,142,-1,140,142,143,-1,143,142,144,-1,143,144,145,-1,146,145,147,-1,147,145,144,-1,148,146,149,-1,149,146,147,-1,148,149,150,-1,150,149,151,-1,150,151,152,-1,153,150,154,-1,154,150,152,-1,153,154,155,-1,155,154,156,-1,155,156,157,-1,158,159,160,-1,160,159,155,-1,160,155,157,-1,159,158,161,-1,161,158,162,-1,162,163,161,-1,161,163,164,-1,161,164,165,-1,165,164,166,-1,165,166,167,-1,167,166,168,-1,167,168,169,-1,169,168,170,-1,169,170,171,-1,171,170,172,-1,171,172,173,-1,173,172,174,-1,173,174,175,-1,176,175,177,-1,177,175,174,-1,176,177,178,-1,176,178,179,-1,179,178,180,-1,179,180,181,-1,181,180,182,-1,181,182,183,-1,183,182,184,-1,183,184,185,-1,184,186,185,-1,185,186,187,-1,185,187,188,-1,188,187,189,-1,188,189,190,-1,190,189,191,-1,190,191,192,-1,192,191,193,-1,192,193,194,-1,139,137,195,-1,195,137,194,-1,195,194,193,-1,143,145,194,-1,137,136,194,-1,194,136,140,-1,194,140,143,-1,150,153,148,-1,148,153,155,-1,148,155,146,-1,175,176,173,-1,173,176,179,-1,173,179,171,-1,171,179,181,-1,171,181,169,-1,169,181,183,-1,169,183,167,-1,167,183,185,-1,167,185,165,-1,145,146,194,-1,194,146,155,-1,194,155,192,-1,155,159,192,-1,192,159,161,-1,192,161,190,-1,190,161,165,-1,190,165,188,-1,188,165,185,-1,196,197,198,-1,198,197,199,-1,196,198,200,-1,200,198,201,-1,200,201,202,-1,203,200,204,-1,204,200,202,-1,203,204,205,-1,205,204,206,-1,205,206,207,-1,208,205,209,-1,209,205,207,-1,210,211,212,-1,212,211,208,-1,212,208,209,-1,213,211,214,-1,214,211,210,-1,215,216,217,-1,217,216,213,-1,217,213,214,-1,218,216,219,-1,219,216,215,-1,220,221,222,-1,222,221,218,-1,222,218,219,-1,223,221,224,-1,224,221,220,-1,223,224,197,-1,197,224,225,-1,197,225,199,-1,223,197,196,-1,196,200,223,-1,223,200,203,-1,223,203,221,-1,216,218,213,-1,213,218,221,-1,213,221,211,-1,211,221,203,-1,211,203,208,-1,208,203,205,-1,226,227,228,-1,228,227,229,-1,228,229,230,-1,230,229,231,-1,230,231,232,-1,232,231,233,-1,232,233,234,-1,234,233,235,-1,234,235,236,-1,236,235,237,-1,236,237,238,-1,238,237,239,-1,238,239,240,-1,240,239,241,-1,240,241,242,-1,242,241,243,-1,242,243,244,-1,244,243,245,-1,244,245,246,-1,246,245,247,-1,246,247,248,-1,248,247,249,-1,248,249,250,-1,250,249,251,-1,250,251,252,-1,252,251,253,-1,252,253,254,-1,254,253,255,-1,254,255,256,-1,256,255,257,-1,256,257,258,-1,258,257,259,-1,258,259,260,-1,260,259,226,-1,260,226,228,-1,234,236,261,-1,261,236,262,-1,234,261,263,-1,234,263,232,-1,232,263,264,-1,232,264,230,-1,230,264,265,-1,230,265,228,-1,228,265,266,-1,228,266,260,-1,260,266,267,-1,260,267,258,-1,258,267,268,-1,258,268,256,-1,256,268,269,-1,256,269,254,-1,254,269,270,-1,254,270,252,-1,252,270,271,-1,252,271,250,-1,250,271,272,-1,250,272,248,-1,248,272,273,-1,248,273,246,-1,246,273,274,-1,246,274,244,-1,244,274,275,-1,244,275,242,-1,242,275,276,-1,242,276,240,-1,238,240,277,-1,277,240,276,-1,236,238,262,-1,262,238,277,-1,241,239,278,-1,278,239,279,-1,239,237,279,-1,279,237,280,-1,237,235,280,-1,280,235,281,-1,227,282,283,-1,227,283,229,-1,229,283,284,-1,229,284,231,-1,231,284,285,-1,231,285,233,-1,233,285,281,-1,233,281,235,-1,255,286,287,-1,255,287,257,-1,257,287,288,-1,257,288,259,-1,259,288,289,-1,259,289,226,-1,226,289,282,-1,226,282,227,-1,247,290,291,-1,247,291,249,-1,249,291,292,-1,249,292,251,-1,251,292,293,-1,251,293,253,-1,253,293,286,-1,253,286,255,-1,241,278,294,-1,241,294,243,-1,243,294,295,-1,243,295,245,-1,245,295,290,-1,245,290,247,-1,
        ]
    }
}
Shape{
    appearance Appearance {
        material  Material 	{
            diffuseColor 1.0 0.9764705882352941 0.9058823529411765
            specularColor 0.5019607843137255 0.48627450980392156 0.45098039215686275
            ambientIntensity 0.2
            transparency 0
            shininess 0.5
        }
    }
    geometry IndexedFaceSet {
        ccw TRUE
        solid FALSE
        coord DEF co Coordinate {
            point [
                1.2598 -0.4213 -0.2765, 1.2598 -0.4213 -0.3176, 1.2598 -0.4133 -0.2765, 1.2598 -0.4136 -0.3176, 1.2598 -0.4062 -0.3168, 1.2598 -0.4018 -0.3151, 1.2598 -0.3984 -0.3127, 1.2598 -0.3977 -0.3121, 1.2598 -0.3951 -0.3089, 1.2598 -0.3933 -0.3049, 1.2598 -0.392 -0.2965, 1.2598 -0.3979 -0.2815, 1.2598 -0.4015 -0.2791, 1.2598 -0.3928 -0.2899, 1.2598 -0.3943 -0.286, 1.2598 -0.3964 -0.283, 1.2598 -0.3922 -0.3001, 1.2598 -0.406 -0.2773, 1.2598 -0.406 -0.2773
            ]
        }
        coordIndex [
            0,1,2,-1,2,1,3,-1,3,4,2,-1,2,4,5,-1,2,5,6,-1,6,7,2,-1,2,7,8,-1,2,8,9,-1,10,11,12,-1,13,14,10,-1,10,14,15,-1,10,15,11,-1,9,16,2,-1,2,16,10,-1,2,10,17,-1,17,10,12,-1,
        ]
    }
}
Shape{
    appearance Appearance {
        material  Material 	{
            diffuseColor 0.0 0.0 0.0
            specularColor 0.0 0.0 0.0
            ambientIntensity 0.2
            transparency 0
            shininess 0.5
        }
    }
    geometry IndexedFaceSet {
        ccw TRUE
        solid FALSE
        coord DEF co Coordinate {
            point [
                1.2638 -0.3669 -0.3031, 1.2638 -0.3691 -0.3091, 1.2638 -0.349 -0.3031, 1.2638 -0.3468 -0.3091, 1.2638 -0.3589 -0.2809, 1.2638 -0.3615 -0.2703, 1.2638 -0.3818 -0.3237, 1.2638 -0.3742 -0.3237, 1.2638 -0.3584 -0.2793, 1.2638 -0.358 -0.2772, 1.2638 -0.3541 -0.2703, 1.2638 -0.3579 -0.2772, 1.2638 -0.3574 -0.2794, 1.2638 -0.357 -0.2809, 1.2638 -0.3338 -0.3237, 1.2638 -0.3414 -0.3237, 1.2598 -0.3541 -0.2703, 1.2598 -0.3338 -0.3237, 1.2598 -0.3615 -0.2703, 1.2598 -0.3818 -0.3237, 1.2598 -0.3742 -0.3237, 1.2598 -0.3691 -0.3091, 1.2598 -0.3468 -0.3091, 1.2598 -0.3414 -0.3237, 1.2598 -0.3669 -0.3031, 1.2598 -0.349 -0.3031, 1.2598 -0.357 -0.2809, 1.2598 -0.3579 -0.2772, 1.2598 -0.3574 -0.2794, 1.2598 -0.358 -0.2772, 1.2598 -0.3589 -0.2809, 1.2598 -0.3584 -0.2793, 1.2598 -0.3584 -0.2793
            ]
        }
        coordIndex [
            0,1,2,-1,2,1,3,-1,4,5,0,-1,0,5,6,-1,0,6,1,-1,1,6,7,-1,4,8,5,-1,5,8,9,-1,5,9,10,-1,10,9,11,-1,10,11,12,-1,12,13,10,-1,10,13,2,-1,10,2,14,-1,14,2,3,-1,14,3,15,-1,10,14,16,-1,16,14,17,-1,5,10,18,-1,18,10,16,-1,6,5,19,-1,19,5,18,-1,7,6,20,-1,20,6,19,-1,1,7,21,-1,21,7,20,-1,3,1,22,-1,22,1,21,-1,15,3,23,-1,23,3,22,-1,14,15,17,-1,17,15,23,-1,0,2,24,-1,24,2,25,-1,2,13,25,-1,25,13,26,-1,11,27,28,-1,11,28,12,-1,12,28,26,-1,12,26,13,-1,11,9,27,-1,27,9,29,-1,4,30,31,-1,4,31,8,-1,8,31,29,-1,8,29,9,-1,4,0,30,-1,30,0,24,-1,
        ]
    }
}
Shape{
    appearance Appearance {
        material  Material 	{
            diffuseColor 1.0 0.9764705882352941 0.9058823529411765
            specularColor 0.5019607843137255 0.48627450980392156 0.45098039215686275
            ambientIntensity 0.2
            transparency 0
            shininess 0.5
        }
    }
    geometry IndexedFaceSet {
        ccw TRUE
        solid FALSE
        coord DEF co Coordinate {
            point [
                1.2598 -0.3579 -0.2772, 1.2598 -0.358 -0.2772, 1.2598 -0.3574 -0.2794, 1.2598 -0.3584 -0.2793, 1.2598 -0.357 -0.2809, 1.2598 -0.3589 -0.2809, 1.2598 -0.349 -0.3031, 1.2598 -0.3669 -0.3031, 1.2598 -0.3669 -0.3031
            ]
        }
        coordIndex [
            0,1,2,-1,2,1,3,-1,2,3,4,-1,4,3,5,-1,4,5,6,-1,6,5,7,-1,
        ]
    }
}
Shape{
    appearance Appearance {
        material  Material 	{
            diffuseColor 0.0 0.0 0.0
            specularColor 0.0 0.0 0.0
            ambientIntensity 0.2
            transparency 0
            shininess 0.5
        }
    }
    geometry IndexedFaceSet {
        ccw TRUE
        solid FALSE
        coord DEF co Coordinate {
            point [
                1.2638 -0.8606 -0.2318, 1.2638 -0.8522 -0.2273, 1.2638 -0.8542 -0.2039, 1.2638 -0.7873 -0.3328, 1.2638 -0.7828 -0.3243, 1.2638 -0.7806 -0.315, 1.2638 -0.8305 -0.2028, 1.2638 -0.8187 -0.2305, 1.2638 -0.8129 -0.2185, 1.2638 -0.8328 -0.3161, 1.2638 -0.8335 -0.3125, 1.2638 -0.854 -0.2977, 1.2638 -0.8544 -0.3232, 1.2638 -0.8592 -0.3217, 1.2638 -0.8623 -0.2926, 1.2638 -0.8392 -0.2021, 1.2638 -0.7273 -0.2791, 1.2638 -0.739 -0.259, 1.2638 -0.7804 -0.3072, 1.2638 -0.7899 -0.2856, 1.2638 -0.7804 -0.311, 1.2638 -0.8007 -0.3446, 1.2638 -0.7931 -0.3393, 1.2638 -0.8051 -0.3057, 1.2638 -0.8041 -0.3092, 1.2638 -0.804 -0.3129, 1.2638 -0.8049 -0.3165, 1.2638 -0.8066 -0.3198, 1.2638 -0.8313 -0.3193, 1.2638 -0.845 -0.3383, 1.2638 -0.8506 -0.3313, 1.2638 -0.7147 -0.2416, 1.2638 -0.7117 -0.2416, 1.2638 -0.6962 -0.2211, 1.2638 -0.7045 -0.2424, 1.2638 -0.6943 -0.2217, 1.2638 -0.6979 -0.245, 1.2638 -0.683 -0.2273, 1.2638 -0.6727 -0.236, 1.2638 -0.8227 -0.1938, 1.2638 -0.8044 -0.2084, 1.2638 -0.8138 -0.1861, 1.2638 -0.7943 -0.2009, 1.2638 -0.8035 -0.1798, 1.2638 -0.8428 -0.2251, 1.2638 -0.8389 -0.2249, 1.2638 -0.8349 -0.2023, 1.2638 -0.8299 -0.226, 1.2638 -0.8214 -0.2291, 1.2638 -0.8088 -0.3224, 1.2638 -0.8117 -0.3244, 1.2638 -0.8092 -0.3478, 1.2638 -0.815 -0.3257, 1.2638 -0.8184 -0.349, 1.2638 -0.8187 -0.3262, 1.2638 -0.8198 -0.3489, 1.2638 -0.8194 -0.3262, 1.2638 -0.8288 -0.3475, 1.2638 -0.8228 -0.3256, 1.2638 -0.8375 -0.3439, 1.2638 -0.8262 -0.3241, 1.2638 -0.8291 -0.3219, 1.2638 -0.6726 -0.3068, 1.2638 -0.6903 -0.2918, 1.2638 -0.6829 -0.3156, 1.2638 -0.6959 -0.2964, 1.2638 -0.6945 -0.3212, 1.2638 -0.7026 -0.2995, 1.2638 -0.7072 -0.3239, 1.2638 -0.7094 -0.3008, 1.2638 -0.7295 -0.3239, 1.2638 -0.7265 -0.3008, 1.2638 -0.7317 -0.3236, 1.2638 -0.692 -0.2491, 1.2638 -0.6876 -0.254, 1.2638 -0.665 -0.2468, 1.2638 -0.6841 -0.2605, 1.2638 -0.6603 -0.2584, 1.2638 -0.6823 -0.2678, 1.2638 -0.6586 -0.2708, 1.2638 -0.6821 -0.2712, 1.2638 -0.6603 -0.2843, 1.2638 -0.683 -0.2786, 1.2638 -0.6651 -0.2963, 1.2638 -0.6856 -0.2853, 1.2638 -0.6898 -0.2912, 1.2638 -0.7166 -0.1911, 1.2638 -0.7315 -0.2085, 1.2638 -0.7038 -0.2061, 1.2638 -0.7229 -0.2188, 1.2638 -0.7171 -0.231, 1.2638 -0.8757 -0.2536, 1.2638 -0.9006 -0.2599, 1.2638 -0.8768 -0.2628, 1.2638 -0.9007 -0.2636, 1.2638 -0.8763 -0.2687, 1.2638 -0.8989 -0.2784, 1.2638 -0.8736 -0.278, 1.2638 -0.8934 -0.2926, 1.2638 -0.8691 -0.2856, 1.2638 -0.8848 -0.3049, 1.2638 -0.8729 -0.315, 1.2638 -0.8333 -0.3088, 1.2638 -0.8322 -0.3052, 1.2638 -0.8498 -0.2896, 1.2638 -0.8303 -0.3021, 1.2638 -0.8436 -0.2824, 1.2638 -0.8287 -0.3005, 1.2638 -0.8358 -0.277, 1.2638 -0.8258 -0.2984, 1.2638 -0.8274 -0.2738, 1.2638 -0.8224 -0.2971, 1.2638 -0.8184 -0.2727, 1.2638 -0.8187 -0.2966, 1.2638 -0.8137 -0.273, 1.2638 -0.816 -0.2968, 1.2638 -0.8046 -0.2752, 1.2638 -0.8124 -0.298, 1.2638 -0.7965 -0.2795, 1.2638 -0.8093 -0.3, 1.2638 -0.8068 -0.3026, 1.2638 -0.7859 -0.1734, 1.2638 -0.7819 -0.1959, 1.2638 -0.7683 -0.1713, 1.2638 -0.7679 -0.1941, 1.2638 -0.7508 -0.1734, 1.2638 -0.755 -0.1957, 1.2638 -0.7319 -0.1806, 1.2638 -0.7431 -0.2003, 1.2638 -0.7324 -0.2077, 1.2638 -0.8682 -0.2094, 1.2638 -0.8803 -0.2179, 1.2638 -0.8672 -0.2376, 1.2638 -0.8829 -0.2203, 1.2638 -0.8724 -0.2452, 1.2638 -0.892 -0.232, 1.2638 -0.8981 -0.2457, 1.2638 -0.7284 -0.3004, 1.2638 -0.7375 -0.3199, 1.2638 -0.7367 -0.3208, 1.2638 -0.7273 -0.3007, 1.2638 -0.7342 -0.3226, 1.2638 -0.7406 -0.3121, 1.2638 -0.7402 -0.315, 1.2638 -0.7392 -0.3175, 1.2638 -0.7317 -0.3008, 1.2638 -0.7343 -0.3018, 1.2638 -0.7405 -0.3106, 1.2638 -0.7367 -0.3034, 1.2638 -0.7382 -0.3052, 1.2638 -0.7397 -0.3078, 1.2638 -0.7288 -0.3004, 1.2598 -0.6702 -0.2395, 1.2598 -0.665 -0.2468, 1.2598 -0.6616 -0.2551, 1.2598 -0.6603 -0.2584, 1.2598 -0.6586 -0.2708, 1.2598 -0.6727 -0.236, 1.2598 -0.683 -0.2273, 1.2598 -0.6943 -0.2217, 1.2598 -0.6962 -0.2211, 1.2598 -0.7038 -0.2061, 1.2598 -0.7166 -0.1911, 1.2598 -0.7252 -0.1852, 1.2598 -0.7319 -0.1806, 1.2598 -0.7508 -0.1734, 1.2598 -0.7683 -0.1713, 1.2598 -0.8138 -0.1861, 1.2598 -0.8123 -0.1852, 1.2598 -0.8035 -0.1798, 1.2598 -0.7859 -0.1734, 1.2598 -0.8227 -0.1938, 1.2598 -0.8305 -0.2028, 1.2598 -0.8349 -0.2023, 1.2598 -0.8392 -0.2021, 1.2598 -0.8542 -0.2039, 1.2598 -0.8682 -0.2094, 1.2598 -0.8803 -0.2179, 1.2598 -0.8829 -0.2203, 1.2598 -0.892 -0.232, 1.2598 -0.8953 -0.2395, 1.2598 -0.8981 -0.2457, 1.2598 -0.8998 -0.2551, 1.2598 -0.9006 -0.2599, 1.2598 -0.9007 -0.2636, 1.2598 -0.8989 -0.2784, 1.2598 -0.8934 -0.2926, 1.2598 -0.8848 -0.3049, 1.2598 -0.8729 -0.315, 1.2598 -0.8592 -0.3217, 1.2598 -0.8544 -0.3232, 1.2598 -0.8539 -0.3242, 1.2598 -0.8506 -0.3313, 1.2598 -0.845 -0.3383, 1.2598 -0.8375 -0.3439, 1.2598 -0.834 -0.3453, 1.2598 -0.8288 -0.3475, 1.2598 -0.8198 -0.3489, 1.2598 -0.8184 -0.349, 1.2598 -0.7804 -0.311, 1.2598 -0.8092 -0.3478, 1.2598 -0.8026 -0.3453, 1.2598 -0.8007 -0.3446, 1.2598 -0.7931 -0.3393, 1.2598 -0.7873 -0.3328, 1.2598 -0.7828 -0.3243, 1.2598 -0.7828 -0.3242, 1.2598 -0.7806 -0.315, 1.2598 -0.7804 -0.3072, 1.2598 -0.7273 -0.2791, 1.2598 -0.739 -0.259, 1.2598 -0.7899 -0.2856, 1.2598 -0.7965 -0.2795, 1.2598 -0.8046 -0.2752, 1.2598 -0.8137 -0.273, 1.2598 -0.8184 -0.2727, 1.2598 -0.8274 -0.2738, 1.2598 -0.8358 -0.277, 1.2598 -0.8436 -0.2824, 1.2598 -0.8498 -0.2896, 1.2598 -0.854 -0.2977, 1.2598 -0.8623 -0.2926, 1.2598 -0.8691 -0.2856, 1.2598 -0.8736 -0.278, 1.2598 -0.8763 -0.2687, 1.2598 -0.8768 -0.2628, 1.2598 -0.8759 -0.2551, 1.2598 -0.8757 -0.2536, 1.2598 -0.8724 -0.2452, 1.2598 -0.8685 -0.2395, 1.2598 -0.8672 -0.2376, 1.2598 -0.8606 -0.2318, 1.2598 -0.8522 -0.2273, 1.2598 -0.8428 -0.2251, 1.2598 -0.8389 -0.2249, 1.2598 -0.8299 -0.226, 1.2598 -0.8214 -0.2291, 1.2598 -0.8187 -0.2305, 1.2598 -0.8129 -0.2185, 1.2598 -0.8044 -0.2084, 1.2598 -0.7943 -0.2009, 1.2598 -0.7819 -0.1959, 1.2598 -0.7679 -0.1941, 1.2598 -0.7147 -0.2416, 1.2598 -0.7152 -0.2395, 1.2598 -0.7171 -0.231, 1.2598 -0.7229 -0.2188, 1.2598 -0.7315 -0.2085, 1.2598 -0.7324 -0.2077, 1.2598 -0.7431 -0.2003, 1.2598 -0.755 -0.1957, 1.2598 -0.7117 -0.2416, 1.2598 -0.7045 -0.2424, 1.2598 -0.6979 -0.245, 1.2598 -0.692 -0.2491, 1.2598 -0.6876 -0.254, 1.2598 -0.687 -0.2551, 1.2598 -0.6841 -0.2605, 1.2598 -0.6823 -0.2678, 1.2598 -0.6821 -0.2712, 1.2598 -0.683 -0.2786, 1.2598 -0.6856 -0.2853, 1.2598 -0.6898 -0.2912, 1.2598 -0.6903 -0.2918, 1.2598 -0.6959 -0.2964, 1.2598 -0.7026 -0.2995, 1.2598 -0.7094 -0.3008, 1.2598 -0.7265 -0.3008, 1.2598 -0.7273 -0.3007, 1.2598 -0.7284 -0.3004, 1.2598 -0.7288 -0.3004, 1.2598 -0.7317 -0.3008, 1.2598 -0.7343 -0.3018, 1.2598 -0.7367 -0.3034, 1.2598 -0.7382 -0.3052, 1.2598 -0.7397 -0.3078, 1.2598 -0.7405 -0.3106, 1.2598 -0.7406 -0.3121, 1.2598 -0.7402 -0.315, 1.2598 -0.7392 -0.3175, 1.2598 -0.7375 -0.3199, 1.2598 -0.7367 -0.3208, 1.2598 -0.7342 -0.3226, 1.2598 -0.7317 -0.3236, 1.2598 -0.7295 -0.3239, 1.2598 -0.7072 -0.3239, 1.2598 -0.6945 -0.3212, 1.2598 -0.6829 -0.3156, 1.2598 -0.6726 -0.3068, 1.2598 -0.6651 -0.2963, 1.2598 -0.6603 -0.2843, 1.2598 -0.8187 -0.2966, 1.2598 -0.816 -0.2968, 1.2598 -0.8124 -0.298, 1.2598 -0.8093 -0.3, 1.2598 -0.8068 -0.3026, 1.2598 -0.8051 -0.3057, 1.2598 -0.8041 -0.3092, 1.2598 -0.804 -0.3129, 1.2598 -0.8049 -0.3165, 1.2598 -0.8066 -0.3198, 1.2598 -0.8088 -0.3224, 1.2598 -0.8117 -0.3244, 1.2598 -0.815 -0.3257, 1.2598 -0.8187 -0.3262, 1.2598 -0.8194 -0.3262, 1.2598 -0.8228 -0.3256, 1.2598 -0.8262 -0.3241, 1.2598 -0.8291 -0.3219, 1.2598 -0.8313 -0.3193, 1.2598 -0.8328 -0.3161, 1.2598 -0.8335 -0.3125, 1.2598 -0.8333 -0.3088, 1.2598 -0.8322 -0.3052, 1.2598 -0.8303 -0.3021, 1.2598 -0.8287 -0.3005, 1.2598 -0.8258 -0.2984, 1.2598 -0.8224 -0.2971, 1.2598 -0.8224 -0.2971
            ]
        }
        coordIndex [
            0,1,2,-1,3,4,5,-1,6,7,8,-1,9,10,11,-1,12,11,13,-1,13,11,14,-1,2,1,15,-1,16,17,18,-1,18,17,19,-1,18,19,20,-1,20,19,21,-1,20,21,5,-1,5,21,22,-1,5,22,3,-1,23,24,19,-1,19,24,25,-1,19,25,21,-1,21,25,26,-1,21,26,27,-1,28,9,29,-1,29,9,11,-1,29,11,30,-1,30,11,12,-1,31,32,33,-1,33,32,34,-1,33,34,35,-1,35,34,36,-1,35,36,37,-1,37,36,38,-1,6,8,39,-1,39,8,40,-1,39,40,41,-1,41,40,42,-1,41,42,43,-1,1,44,15,-1,15,44,45,-1,15,45,46,-1,46,45,47,-1,46,47,6,-1,6,47,48,-1,6,48,7,-1,27,49,21,-1,21,49,50,-1,21,50,51,-1,51,50,52,-1,51,52,53,-1,53,52,54,-1,53,54,55,-1,55,54,56,-1,55,56,57,-1,57,56,58,-1,57,58,59,-1,59,58,60,-1,59,60,29,-1,29,60,61,-1,29,61,28,-1,62,63,64,-1,64,63,65,-1,64,65,66,-1,66,65,67,-1,66,67,68,-1,68,67,69,-1,68,69,70,-1,70,69,71,-1,70,71,72,-1,36,73,38,-1,38,73,74,-1,38,74,75,-1,75,74,76,-1,75,76,77,-1,77,76,78,-1,77,78,79,-1,79,78,80,-1,79,80,81,-1,81,80,82,-1,81,82,83,-1,83,82,84,-1,83,84,62,-1,62,84,85,-1,62,85,63,-1,86,87,88,-1,88,87,89,-1,88,89,33,-1,33,89,90,-1,33,90,31,-1,91,92,93,-1,93,92,94,-1,93,94,95,-1,95,94,96,-1,95,96,97,-1,97,96,98,-1,97,98,99,-1,99,98,100,-1,99,100,14,-1,14,100,101,-1,14,101,13,-1,10,102,11,-1,11,102,103,-1,11,103,104,-1,104,103,105,-1,104,105,106,-1,106,105,107,-1,106,107,108,-1,108,107,109,-1,108,109,110,-1,110,109,111,-1,110,111,112,-1,112,111,113,-1,112,113,114,-1,114,113,115,-1,114,115,116,-1,116,115,117,-1,116,117,118,-1,118,117,119,-1,118,119,19,-1,19,119,120,-1,19,120,23,-1,43,42,121,-1,121,42,122,-1,121,122,123,-1,123,122,124,-1,123,124,125,-1,125,124,126,-1,125,126,127,-1,127,126,128,-1,127,128,86,-1,86,128,129,-1,86,129,87,-1,2,130,0,-1,0,130,131,-1,0,131,132,-1,132,131,133,-1,132,133,134,-1,134,133,135,-1,134,135,91,-1,91,135,136,-1,91,136,92,-1,137,138,139,-1,71,140,72,-1,72,140,137,-1,72,137,141,-1,141,137,139,-1,142,143,137,-1,137,143,144,-1,137,144,138,-1,145,146,147,-1,146,148,147,-1,147,148,149,-1,147,149,150,-1,142,137,147,-1,147,137,151,-1,147,151,145,-1,152,38,153,-1,153,38,75,-1,153,75,154,-1,154,75,77,-1,154,77,155,-1,155,77,79,-1,155,79,156,-1,152,157,38,-1,38,157,158,-1,38,158,37,-1,37,158,159,-1,37,159,35,-1,35,159,160,-1,35,160,33,-1,33,160,161,-1,33,161,88,-1,88,161,162,-1,88,162,86,-1,86,162,127,-1,127,162,163,-1,163,164,127,-1,127,164,165,-1,127,165,125,-1,125,165,166,-1,125,166,123,-1,167,41,168,-1,168,41,43,-1,168,43,169,-1,169,43,121,-1,169,121,170,-1,170,121,123,-1,170,123,166,-1,41,167,171,-1,41,171,39,-1,39,171,172,-1,39,172,6,-1,6,172,173,-1,6,173,46,-1,46,173,174,-1,46,174,15,-1,15,174,175,-1,15,175,2,-1,2,175,176,-1,2,176,130,-1,130,176,177,-1,130,177,131,-1,131,177,178,-1,131,178,133,-1,136,135,179,-1,179,135,133,-1,179,133,178,-1,179,180,136,-1,136,180,181,-1,136,181,92,-1,92,181,182,-1,182,183,92,-1,92,183,184,-1,92,184,94,-1,94,184,185,-1,94,185,96,-1,96,185,186,-1,96,186,98,-1,98,186,187,-1,98,187,100,-1,100,187,188,-1,100,188,101,-1,101,188,189,-1,101,189,13,-1,13,189,190,-1,13,190,12,-1,12,190,191,-1,12,191,30,-1,191,192,30,-1,30,192,193,-1,30,193,29,-1,29,193,194,-1,29,194,59,-1,59,194,195,-1,59,195,57,-1,195,196,57,-1,57,196,197,-1,57,197,55,-1,55,197,198,-1,55,198,53,-1,199,20,5,-1,53,198,200,-1,53,200,51,-1,51,200,201,-1,51,201,21,-1,201,202,21,-1,21,202,203,-1,21,203,22,-1,22,203,204,-1,22,204,3,-1,3,204,205,-1,3,205,4,-1,4,205,206,-1,4,206,5,-1,5,206,207,-1,5,207,199,-1,18,20,208,-1,208,20,199,-1,16,18,209,-1,209,18,208,-1,17,16,210,-1,210,16,209,-1,19,17,211,-1,211,17,210,-1,19,211,212,-1,19,212,118,-1,118,212,213,-1,118,213,116,-1,116,213,214,-1,116,214,114,-1,114,214,215,-1,114,215,112,-1,112,215,216,-1,112,216,110,-1,110,216,217,-1,110,217,108,-1,108,217,218,-1,108,218,106,-1,106,218,219,-1,106,219,104,-1,104,219,220,-1,104,220,11,-1,11,220,221,-1,11,221,14,-1,14,221,222,-1,14,222,99,-1,99,222,223,-1,99,223,97,-1,97,223,224,-1,97,224,95,-1,95,224,225,-1,95,225,93,-1,93,225,226,-1,93,226,91,-1,91,226,227,-1,91,227,228,-1,229,132,228,-1,228,132,134,-1,228,134,91,-1,229,230,132,-1,132,230,231,-1,132,231,0,-1,0,231,232,-1,0,232,1,-1,1,232,233,-1,1,233,44,-1,44,233,234,-1,44,234,45,-1,45,234,235,-1,45,235,47,-1,47,235,236,-1,47,236,48,-1,48,236,237,-1,48,237,7,-1,7,237,238,-1,7,238,8,-1,8,238,239,-1,8,239,40,-1,40,239,240,-1,40,240,42,-1,42,240,241,-1,42,241,122,-1,122,241,242,-1,122,242,124,-1,243,31,244,-1,244,31,90,-1,244,90,245,-1,245,90,89,-1,245,89,246,-1,246,89,87,-1,246,87,247,-1,247,87,129,-1,247,129,248,-1,248,129,128,-1,248,128,249,-1,249,128,126,-1,249,126,250,-1,250,126,124,-1,250,124,242,-1,32,31,251,-1,251,31,243,-1,32,251,252,-1,32,252,34,-1,34,252,253,-1,34,253,36,-1,36,253,254,-1,36,254,73,-1,73,254,255,-1,73,255,74,-1,74,255,256,-1,74,256,76,-1,256,257,76,-1,76,257,258,-1,76,258,78,-1,78,258,259,-1,78,259,80,-1,80,259,260,-1,80,260,82,-1,82,260,261,-1,82,261,84,-1,84,261,262,-1,84,262,85,-1,85,262,263,-1,85,263,63,-1,63,263,264,-1,63,264,65,-1,65,264,265,-1,65,265,67,-1,67,265,266,-1,67,266,69,-1,71,69,267,-1,267,69,266,-1,71,267,268,-1,71,268,140,-1,140,268,269,-1,140,269,137,-1,137,269,270,-1,137,270,151,-1,151,270,271,-1,151,271,145,-1,145,271,272,-1,145,272,146,-1,146,272,273,-1,146,273,148,-1,148,273,274,-1,148,274,149,-1,149,274,275,-1,149,275,150,-1,150,275,276,-1,150,276,147,-1,147,276,277,-1,147,277,142,-1,142,277,278,-1,142,278,143,-1,143,278,279,-1,143,279,144,-1,144,279,280,-1,144,280,138,-1,138,280,281,-1,138,281,139,-1,139,281,282,-1,139,282,141,-1,141,282,283,-1,141,283,72,-1,72,283,284,-1,72,284,70,-1,68,70,285,-1,285,70,284,-1,68,285,286,-1,68,286,66,-1,66,286,287,-1,66,287,64,-1,64,287,288,-1,64,288,62,-1,62,288,289,-1,62,289,83,-1,83,289,290,-1,83,290,81,-1,81,290,156,-1,81,156,79,-1,113,291,292,-1,113,292,115,-1,115,292,293,-1,115,293,117,-1,117,293,294,-1,117,294,119,-1,119,294,295,-1,119,295,120,-1,120,295,296,-1,120,296,23,-1,23,296,297,-1,23,297,24,-1,24,297,298,-1,24,298,25,-1,25,298,299,-1,25,299,26,-1,26,299,300,-1,26,300,27,-1,27,300,301,-1,27,301,49,-1,49,301,302,-1,49,302,50,-1,50,302,303,-1,50,303,52,-1,52,303,304,-1,52,304,54,-1,54,304,305,-1,54,305,56,-1,56,305,306,-1,56,306,58,-1,58,306,307,-1,58,307,60,-1,60,307,308,-1,60,308,61,-1,61,308,309,-1,61,309,28,-1,28,309,310,-1,28,310,9,-1,9,310,311,-1,9,311,10,-1,10,311,312,-1,10,312,102,-1,102,312,313,-1,102,313,103,-1,103,313,314,-1,103,314,105,-1,105,314,315,-1,105,315,107,-1,107,315,316,-1,107,316,109,-1,109,316,317,-1,109,317,111,-1,111,317,291,-1,111,291,113,-1,
        ]
    }
}
Shape{
    appearance Appearance {
        material  Material 	{
            diffuseColor 1.0 0.9764705882352941 0.9058823529411765
            specularColor 0.5019607843137255 0.48627450980392156 0.45098039215686275
            ambientIntensity 0.2
            transparency 0
            shininess 0.5
        }
    }
    geometry IndexedFaceSet {
        ccw TRUE
        solid FALSE
        coord DEF co Coordinate {
            point [
                1.2598 -0.8194 -0.3262, 1.2598 -0.8287 -0.3005, 1.2598 -0.8303 -0.3021, 1.2598 -0.815 -0.3257, 1.2598 -0.8117 -0.3244, 1.2598 -0.816 -0.2968, 1.2598 -0.8187 -0.2966, 1.2598 -0.8224 -0.2971, 1.2598 -0.8258 -0.2984, 1.2598 -0.8328 -0.3161, 1.2598 -0.8313 -0.3193, 1.2598 -0.8291 -0.3219, 1.2598 -0.8187 -0.3262, 1.2598 -0.8051 -0.3057, 1.2598 -0.8068 -0.3026, 1.2598 -0.8066 -0.3198, 1.2598 -0.8093 -0.3, 1.2598 -0.8322 -0.3052, 1.2598 -0.8333 -0.3088, 1.2598 -0.8335 -0.3125, 1.2598 -0.8262 -0.3241, 1.2598 -0.8228 -0.3256, 1.2598 -0.8088 -0.3224, 1.2598 -0.8124 -0.298, 1.2598 -0.8049 -0.3165, 1.2598 -0.804 -0.3129, 1.2598 -0.8041 -0.3092, 1.2598 -0.8041 -0.3092
            ]
        }
        coordIndex [
            0,1,2,-1,3,4,5,-1,6,7,0,-1,0,7,8,-1,0,8,1,-1,9,10,2,-1,2,10,11,-1,6,0,5,-1,5,0,12,-1,5,12,3,-1,13,14,15,-1,15,14,16,-1,17,18,2,-1,2,18,19,-1,2,19,9,-1,11,20,2,-1,2,20,21,-1,2,21,0,-1,4,22,5,-1,5,22,15,-1,5,15,23,-1,23,15,16,-1,24,25,15,-1,15,25,26,-1,15,26,13,-1,
        ]
    }
}